antecedents,consequents,antecedent support,consequent support,support,confidence,lift,representativity,leverage,conviction,zhangs_metric,jaccard,certainty,kulczynski
"frozenset({'Budget_Low', 'Inefficient_Spending', 'Outcome_High_Damage'})","frozenset({'Outcome_High_Mortality', 'Rain_High'})",0.028268551236749116,0.10247349823321555,0.01060070671378092,0.37500000000000006,3.65948275862069,1.0,0.007703929378566345,1.436042402826855,0.7478787878787878,0.08823529411764706,0.30364173228346464,0.2392241379310345
"frozenset({'Outcome_High_Mortality', 'Rain_High'})","frozenset({'Budget_Low', 'Inefficient_Spending', 'Outcome_High_Damage'})",0.10247349823321555,0.028268551236749116,0.01060070671378092,0.10344827586206896,3.6594827586206895,1.0,0.007703929378566345,1.0838543082359338,0.8097112860892389,0.08823529411764706,0.07736677115987461,0.2392241379310345
"frozenset({'Outcome_High_Damage', 'Rain_High'})","frozenset({'Outcome_High_Mortality', 'Budget_Low', 'Inefficient_Spending'})",0.2226148409893993,0.0176678445229682,0.01060070671378092,0.04761904761904762,2.6952380952380954,1.0,0.006667582314674925,1.0314487632508835,0.8090909090909093,0.046153846153846156,0.030489893799246322,0.3238095238095238
"frozenset({'Outcome_High_Mortality', 'Budget_Low', 'Inefficient_Spending'})","frozenset({'Outcome_High_Damage', 'Rain_High'})",0.0176678445229682,0.2226148409893993,0.01060070671378092,0.6,2.695238095238095,1.0,0.006667582314674925,1.9434628975265016,0.6402877697841728,0.046153846153846156,0.4854545454545454,0.3238095238095238
"frozenset({'Inefficient_Spending', 'Budget_Low'})","frozenset({'Outcome_High_Mortality', 'Rain_High'})",0.06713780918727916,0.10247349823321555,0.0176678445229682,0.2631578947368421,2.568058076225045,1.0,0.010787998351833585,1.2180716809692074,0.6545454545454545,0.11627906976744184,0.1790302527973477,0.21778584392014516
"frozenset({'Outcome_High_Mortality', 'Rain_High'})","frozenset({'Inefficient_Spending', 'Outcome_High_Damage'})",0.10247349823321555,0.2049469964664311,0.053003533568904596,0.5172413793103449,2.523781212841855,1.0,0.03200189788859893,1.6468955073195357,0.6727034120734908,0.20833333333333331,0.3927969348659004,0.3879310344827587
"frozenset({'Inefficient_Spending', 'Outcome_High_Damage'})","frozenset({'Outcome_High_Mortality', 'Rain_High'})",0.2049469964664311,0.10247349823321555,0.053003533568904596,0.25862068965517243,2.523781212841855,1.0,0.03200189788859893,1.210617141917988,0.7594074074074074,0.20833333333333331,0.17397502036383386,0.3879310344827587
"frozenset({'Budget_Low', 'Inefficient_Spending', 'Outcome_High_Damage', 'Rain_High'})",frozenset({'Outcome_High_Mortality'}),0.02120141342756184,0.20848056537102475,0.01060070671378092,0.5,2.3983050847457625,1.0,0.0061806240557379915,1.5830388692579505,0.5956678700361011,0.04838709677419355,0.3683035714285714,0.2754237288135593
frozenset({'Outcome_High_Mortality'}),"frozenset({'Budget_Low', 'Inefficient_Spending', 'Outcome_High_Damage', 'Rain_High'})",0.20848056537102475,0.02120141342756184,0.01060070671378092,0.05084745762711865,2.3983050847457625,1.0,0.0061806240557379915,1.0312342251388187,0.7366071428571428,0.04838709677419355,0.03028819678149667,0.2754237288135593
"frozenset({'Outcome_High_Damage', 'Rain_High'})","frozenset({'Outcome_High_Mortality', 'Inefficient_Spending'})",0.2226148409893993,0.10600706713780919,0.053003533568904596,0.2380952380952381,2.246031746031746,1.0,0.02940478717426863,1.1733657243816256,0.7136363636363636,0.1923076923076923,0.147750799924713,0.36904761904761907
"frozenset({'Outcome_High_Mortality', 'Inefficient_Spending'})","frozenset({'Outcome_High_Damage', 'Rain_High'})",0.10600706713780919,0.2226148409893993,0.053003533568904596,0.5,2.246031746031746,1.0,0.02940478717426863,1.5547703180212014,0.6205533596837944,0.1923076923076923,0.3568181818181818,0.36904761904761907
"frozenset({'Budget_Low', 'Inefficient_Spending'})","frozenset({'Outcome_High_Mortality', 'Outcome_High_Damage', 'Rain_High'})",0.06713780918727916,0.07773851590106007,0.01060070671378092,0.15789473684210525,2.0311004784688995,1.0,0.005381513066713282,1.0951855123674912,0.5441919191919191,0.07894736842105263,0.08691268400887275,0.14712918660287083
"frozenset({'Outcome_High_Mortality', 'Inefficient_Spending', 'Rain_High'})",frozenset({'Outcome_High_Damage'}),0.06713780918727916,0.38869257950530034,0.053003533568904596,0.7894736842105263,2.0311004784688995,1.0,0.02690756533356641,2.9037102473498235,0.5441919191919192,0.13157894736842105,0.6556130209917859,0.46291866028708134
frozenset({'Outcome_High_Damage'}),"frozenset({'Outcome_High_Mortality', 'Inefficient_Spending', 'Rain_High'})",0.38869257950530034,0.06713780918727916,0.053003533568904596,0.13636363636363638,2.0311004784688995,1.0,0.02690756533356641,1.0801562209410451,0.8304431599229287,0.13157894736842105,0.07420798898071627,0.46291866028708134
frozenset({'Rain_High'}),"frozenset({'Outcome_High_Mortality', 'Budget_Low', 'Inefficient_Spending', 'Outcome_High_Damage'})",0.49823321554770317,0.01060070671378092,0.01060070671378092,0.021276595744680854,2.0070921985815606,1.0,0.005319082520695726,1.01090797357505,1.0,0.021276595744680854,0.010790273556231005,0.5106382978723404
frozenset({'Rain_High'}),"frozenset({'Outcome_High_Mortality', 'Inefficient_Spending', 'Budget_Low'})",0.49823321554770317,0.0176678445229682,0.0176678445229682,0.03546099290780142,2.00709219858156,1.0,0.008865137534492877,1.0184473082519228,1.0,0.03546099290780142,0.0181131690392367,0.5177304964539007
"frozenset({'Inefficient_Spending', 'Budget_Low', 'Rain_High'})",frozenset({'Outcome_High_Mortality'}),0.04240282685512368,0.20848056537102475,0.0176678445229682,0.41666666666666663,1.9985875706214686,1.0,0.008827679206882343,1.3568904593639575,0.521771217712177,0.07575757575757576,0.26302083333333326,0.2507062146892655
frozenset({'Outcome_High_Mortality'}),"frozenset({'Budget_Low', 'Outcome_High_Damage', 'Rain_High'})",0.20848056537102475,0.07773851590106007,0.03180212014134275,0.15254237288135591,1.9622496147919875,1.0,0.015595150395185352,1.0882685512367491,0.6195436507936507,0.12499999999999997,0.08110916293265795,0.28081664098613246
"frozenset({'Budget_Low', 'Outcome_High_Damage', 'Rain_High'})",frozenset({'Outcome_High_Mortality'}),0.07773851590106007,0.20848056537102475,0.03180212014134275,0.40909090909090906,1.9622496147919875,1.0,0.015595150395185352,1.3394944278336502,0.5317156236696465,0.12499999999999997,0.25344967532467527,0.28081664098613246
"frozenset({'Outcome_High_Mortality', 'Rain_High'})",frozenset({'Outcome_High_Damage'}),0.10247349823321555,0.38869257950530034,0.07773851590106007,0.7586206896551724,1.9517241379310344,1.0,0.03790782754185968,2.532559313478041,0.5433070866141733,0.18803418803418803,0.6051425154474785,0.47931034482758617
frozenset({'Outcome_High_Damage'}),"frozenset({'Outcome_High_Mortality', 'Rain_High'})",0.38869257950530034,0.10247349823321555,0.07773851590106007,0.2,1.9517241379310344,1.0,0.03790782754185968,1.1219081272084803,0.7976878612716762,0.18803418803418803,0.10866141732283466,0.47931034482758617
"frozenset({'Budget_Low', 'Inefficient_Spending', 'Rain_High'})","frozenset({'Outcome_High_Mortality', 'Outcome_High_Damage'})",0.04240282685512368,0.13074204946996468,0.01060070671378092,0.25,1.912162162162162,1.0,0.005056874227421993,1.1590106007067138,0.4981549815498154,0.06521739130434782,0.1371951219512195,0.16554054054054054
"frozenset({'Inefficient_Spending', 'Budget_Low', 'Outcome_High_Damage'})",frozenset({'Outcome_High_Mortality'}),0.028268551236749116,0.20848056537102475,0.01060070671378092,0.37500000000000006,1.7987288135593222,1.0,0.004707263169723683,1.2664310954063605,0.45696969696969697,0.046875,0.21037946428571436,0.21292372881355937
frozenset({'Outcome_High_Mortality'}),"frozenset({'Inefficient_Spending', 'Budget_Low', 'Outcome_High_Damage'})",0.20848056537102475,0.028268551236749116,0.01060070671378092,0.05084745762711865,1.7987288135593222,1.0,0.004707263169723683,1.0237884906612822,0.5610119047619048,0.046875,0.023235747303543917,0.21292372881355937
frozenset({'Outcome_High_Mortality'}),"frozenset({'Budget_Low', 'Outcome_High_Damage'})",0.20848056537102475,0.18021201413427562,0.06713780918727916,0.3220338983050848,1.7869724160850782,1.0,0.029567106593914275,1.2091872791519436,0.5563909774436091,0.20879120879120883,0.1729982466393922,0.34729145895646396
"frozenset({'Budget_Low', 'Outcome_High_Damage'})",frozenset({'Outcome_High_Mortality'}),0.18021201413427562,0.20848056537102475,0.06713780918727916,0.37254901960784315,1.786972416085078,1.0,0.029567106593914275,1.2614840989399292,0.5372050816696915,0.20879120879120883,0.20728291316526612,0.34729145895646396
frozenset({'Outcome_High_Damage'}),"frozenset({'Outcome_High_Mortality', 'Budget_Low', 'Rain_High'})",0.38869257950530034,0.045936395759717315,0.03180212014134275,0.08181818181818182,1.7811188811188812,1.0,0.01394698398032189,1.0390791729349613,0.7174052665382145,0.07894736842105263,0.037609427609427606,0.38706293706293704
"frozenset({'Outcome_High_Mortality', 'Budget_Low', 'Rain_High'})",frozenset({'Outcome_High_Damage'}),0.045936395759717315,0.38869257950530034,0.03180212014134275,0.6923076923076923,1.7811188811188812,1.0,0.01394698398032189,1.9867491166077738,0.4596707818930041,0.07894736842105263,0.4966651845264562,0.38706293706293704
"frozenset({'Budget_Low', 'Outcome_High_Damage'})","frozenset({'Outcome_High_Mortality', 'Rain_High'})",0.18021201413427562,0.10247349823321555,0.03180212014134275,0.1764705882352941,1.7221095334685597,1.0,0.013335164629349843,1.0898536092882383,0.511494252873563,0.1267605633802817,0.08244557665585918,0.24340770791075048
"frozenset({'Outcome_High_Mortality', 'Rain_High'})","frozenset({'Budget_Low', 'Outcome_High_Damage'})",0.10247349823321555,0.18021201413427562,0.03180212014134275,0.31034482758620685,1.7221095334685594,1.0,0.013335164629349843,1.1886925795053003,0.4671916010498686,0.1267605633802817,0.15873959571938162,0.24340770791075048
frozenset({'Outcome_High_Mortality'}),"frozenset({'Outcome_High_Damage', 'Rain_High'})",0.20848056537102475,0.2226148409893993,0.07773851590106007,0.37288135593220334,1.6750067258541832,1.0,0.03132764799160933,1.239614172476363,0.5091314935064934,0.21999999999999997,0.19329738058551613,0.3610438525692763
"frozenset({'Outcome_High_Damage', 'Rain_High'})",frozenset({'Outcome_High_Mortality'}),0.2226148409893993,0.20848056537102475,0.07773851590106007,0.3492063492063492,1.6750067258541832,1.0,0.03132764799160933,1.2162371800396448,0.5183884297520661,0.21999999999999997,0.17779195011337864,0.3610438525692763
frozenset({'Rain_High'}),"frozenset({'Outcome_High_Mortality', 'Inefficient_Spending', 'Outcome_High_Damage'})",0.49823321554770317,0.0636042402826855,0.053003533568904596,0.10638297872340426,1.6725768321513004,1.0,0.02131378841039344,1.0478714453979472,0.8014084507042255,0.10416666666666669,0.045684464070654365,0.4698581560283689
"frozenset({'Inefficient_Spending', 'Outcome_High_Damage', 'Rain_High'})",frozenset({'Outcome_High_Mortality'}),0.15547703180212014,0.20848056537102475,0.053003533568904596,0.34090909090909094,1.6352080123266564,1.0,0.020589594076589793,1.2009260387474108,0.45997210599721056,0.17045454545454544,0.16730925324675328,0.2975731895223421
frozenset({'Outcome_High_Mortality'}),"frozenset({'Inefficient_Spending', 'Outcome_High_Damage', 'Rain_High'})",0.20848056537102475,0.15547703180212014,0.053003533568904596,0.2542372881355932,1.6352080123266564,1.0,0.020589594076589793,1.1324285255380662,0.4907738095238095,0.17045454545454544,0.11694206084674845,0.2975731895223421
frozenset({'Outcome_High_Damage'}),"frozenset({'Outcome_High_Mortality', 'Budget_Low'})",0.38869257950530034,0.10600706713780919,0.06713780918727916,0.17272727272727276,1.6293939393939396,1.0,0.025933648815692545,1.0806507979652857,0.6318831761484637,0.15702479338842978,0.07463169241825371,0.40303030303030307
"frozenset({'Outcome_High_Mortality', 'Budget_Low'})",frozenset({'Outcome_High_Damage'}),0.10600706713780919,0.38869257950530034,0.06713780918727916,0.6333333333333334,1.6293939393939396,1.0,0.025933648815692545,1.6672020558946359,0.4320782192635739,0.15702479338842978,0.40019267822736043,0.40303030303030307
frozenset({'Outcome_High_Damage'}),frozenset({'Outcome_High_Mortality'}),0.38869257950530034,0.20848056537102475,0.13074204946996468,0.3363636363636364,1.613405238828968,1.0,0.04970720073917767,1.1927005179340724,0.6219340728011248,0.28030303030303033,0.1615665584415585,0.4817411402157165
frozenset({'Outcome_High_Mortality'}),frozenset({'Outcome_High_Damage'}),0.20848056537102475,0.38869257950530034,0.13074204946996468,0.6271186440677966,1.6134052388289677,1.0,0.04970720073917767,1.6394153549630581,0.4803330115830116,0.28030303030303033,0.3900264524346037,0.4817411402157165
"frozenset({'Outcome_High_Mortality', 'Budget_Low', 'Inefficient_Spending', 'Rain_High'})",frozenset({'Outcome_High_Damage'}),0.0176678445229682,0.38869257950530034,0.01060070671378092,0.6,1.5436363636363637,1.0,0.0037333466518498174,1.528268551236749,0.3585131894484413,0.026785714285714288,0.34566473988439306,0.3136363636363636
frozenset({'Outcome_High_Damage'}),"frozenset({'Outcome_High_Mortality', 'Budget_Low', 'Inefficient_Spending', 'Rain_High'})",0.38869257950530034,0.0176678445229682,0.01060070671378092,0.027272727272727275,1.5436363636363637,1.0,0.0037333466518498174,1.0098741785277896,0.5761078998073217,0.026785714285714288,0.009777632439502944,0.3136363636363636
frozenset({'Outcome_High_Damage'}),"frozenset({'Outcome_High_Mortality', 'Inefficient_Spending', 'Budget_Low'})",0.38869257950530034,0.0176678445229682,0.01060070671378092,0.027272727272727275,1.5436363636363637,1.0,0.0037333466518498174,1.0098741785277896,0.5761078998073217,0.026785714285714288,0.009777632439502944,0.3136363636363636
"frozenset({'Outcome_High_Mortality', 'Inefficient_Spending', 'Budget_Low'})",frozenset({'Outcome_High_Damage'}),0.0176678445229682,0.38869257950530034,0.01060070671378092,0.6,1.5436363636363637,1.0,0.0037333466518498174,1.528268551236749,0.3585131894484413,0.026785714285714288,0.34566473988439306,0.3136363636363636
frozenset({'Outcome_High_Damage'}),"frozenset({'Outcome_High_Mortality', 'Inefficient_Spending'})",0.38869257950530034,0.10600706713780919,0.0636042402826855,0.16363636363636364,1.5436363636363635,1.0,0.022400079911098894,1.068904593639576,0.5761078998073217,0.14754098360655737,0.06446280991735537,0.3818181818181817
"frozenset({'Outcome_High_Mortality', 'Inefficient_Spending'})",frozenset({'Outcome_High_Damage'}),0.10600706713780919,0.38869257950530034,0.0636042402826855,0.5999999999999999,1.5436363636363633,1.0,0.022400079911098894,1.5282685512367487,0.3939393939393938,0.14754098360655737,0.34566473988439284,0.3818181818181817
frozenset({'Rain_High'}),"frozenset({'Inefficient_Spending', 'Outcome_High_Damage'})",0.49823321554770317,0.2049469964664311,0.15547703180212014,0.3120567375886525,1.5226216678894595,1.0,0.0533656307358064,1.1556956030745693,0.6840588988476309,0.2838709677419355,0.13472025216706068,0.5353387136219124
frozenset({'Rain_High'}),"frozenset({'Inefficient_Spending', 'Budget_Low', 'Outcome_High_Damage'})",0.49823321554770317,0.028268551236749116,0.02120141342756184,0.04255319148936171,1.5053191489361704,1.0,0.0071170822460013255,1.0149195131527289,0.6690140845070424,0.04195804195804197,0.014700193423597685,0.3962765957446809
"frozenset({'Inefficient_Spending', 'Outcome_High_Damage'})",frozenset({'Outcome_High_Mortality'}),0.2049469964664311,0.20848056537102475,0.0636042402826855,0.31034482758620685,1.4886031560490938,1.0,0.020876774588270537,1.147703180212014,0.4128395061728393,0.18181818181818177,0.12869458128078812,0.30771478667445934
frozenset({'Outcome_High_Mortality'}),"frozenset({'Inefficient_Spending', 'Outcome_High_Damage'})",0.20848056537102475,0.2049469964664311,0.0636042402826855,0.30508474576271183,1.4886031560490938,1.0,0.020876774588270537,1.1441006636214772,0.4146825396825395,0.18181818181818177,0.1259510357815442,0.30771478667445934
"frozenset({'Inefficient_Spending', 'Budget_Low'})","frozenset({'Outcome_High_Damage', 'Rain_High'})",0.06713780918727916,0.2226148409893993,0.02120141342756184,0.3157894736842105,1.418546365914787,1.0,0.006255540710959058,1.1361783093231856,0.31628787878787873,0.07894736842105263,0.11985645933014352,0.20551378446115287
frozenset({'Inefficient_Spending'}),"frozenset({'Outcome_High_Damage', 'Rain_High'})",0.49469964664310956,0.2226148409893993,0.15547703180212014,0.3142857142857143,1.4117913832199547,1.0,0.04534954862715228,1.1336866902237925,0.5772409408773043,0.27672955974842767,0.11792207792207791,0.5063492063492063
frozenset({'Inefficient_Spending'}),"frozenset({'Outcome_High_Mortality', 'Outcome_High_Damage', 'Rain_High'})",0.49469964664310956,0.07773851590106007,0.053003533568904596,0.10714285714285714,1.3782467532467533,1.0,0.014546317222090425,1.0329328621908127,0.543123543123543,0.10204081632653061,0.031882868089764635,0.3944805194805195
"frozenset({'Outcome_High_Damage', 'Rain_High'})","frozenset({'Outcome_High_Mortality', 'Budget_Low'})",0.2226148409893993,0.10600706713780919,0.03180212014134275,0.14285714285714285,1.3476190476190475,1.0,0.008203373746706787,1.0429917550058891,0.3318181818181818,0.10714285714285714,0.041219649915302074,0.2214285714285714
"frozenset({'Outcome_High_Mortality', 'Budget_Low'})","frozenset({'Outcome_High_Damage', 'Rain_High'})",0.10600706713780919,0.2226148409893993,0.03180212014134275,0.29999999999999993,1.3476190476190473,1.0,0.008203373746706787,1.1105502271580008,0.28853754940711457,0.10714285714285714,0.09954545454545446,0.2214285714285714
frozenset({'Inefficient_Spending'}),"frozenset({'Outcome_High_Mortality', 'Rain_High'})",0.49469964664310956,0.10247349823321555,0.06713780918727916,0.13571428571428573,1.3243842364532021,1.0,0.016444205821024113,1.0384604152673538,0.4847258005152742,0.12666666666666668,0.03703599550056245,0.39544334975369455
"frozenset({'Budget_Low', 'Rain_High'})","frozenset({'Outcome_High_Mortality', 'Outcome_High_Damage'})",0.1872791519434629,0.13074204946996468,0.03180212014134275,0.16981132075471697,1.298827129015808,1.0,0.0073168599932574956,1.0470607131384515,0.28309178743961333,0.11111111111111109,0.04494554379506057,0.20652728199898007
"frozenset({'Inefficient_Spending', 'Rain_High'})","frozenset({'Outcome_High_Mortality', 'Outcome_High_Damage'})",0.31448763250883394,0.13074204946996468,0.053003533568904596,0.16853932584269662,1.2890980868508957,1.0,0.011886775961742556,1.0454588864482857,0.3271477663230239,0.13513513513513511,0.04348223257513472,0.286972365624051
"frozenset({'Budget_Low', 'Outcome_High_Damage', 'Rain_High'})","frozenset({'Outcome_High_Mortality', 'Inefficient_Spending'})",0.07773851590106007,0.10600706713780919,0.01060070671378092,0.13636363636363638,1.2863636363636364,1.0,0.002359874639463598,1.0351497117351682,0.2413793103448277,0.061224489795918366,0.03395616241466045,0.1181818181818182
"frozenset({'Outcome_High_Mortality', 'Inefficient_Spending'})","frozenset({'Budget_Low', 'Outcome_High_Damage', 'Rain_High'})",0.10600706713780919,0.07773851590106007,0.01060070671378092,0.1,1.2863636363636364,1.0,0.002359874639463598,1.0247349823321554,0.24901185770750997,0.061224489795918366,0.02413793103448277,0.1181818181818182
"frozenset({'Inefficient_Spending', 'Budget_Low', 'Rain_High'})",frozenset({'Outcome_High_Damage'}),0.04240282685512368,0.38869257950530034,0.02120141342756184,0.5,1.2863636363636364,1.0,0.004719749278927196,1.2226148409893993,0.23247232472324733,0.05172413793103448,0.18208092485549135,0.2772727272727273
"frozenset({'Inefficient_Spending', 'Rain_High'})",frozenset({'Outcome_High_Damage'}),0.31448763250883394,0.38869257950530034,0.15547703180212014,0.4943820224719101,1.2719101123595506,1.0,0.03323802269974653,1.2090302316450727,0.3118556701030928,0.2838709677419355,0.17289082288757548,0.44719101123595506
frozenset({'Rain_High'}),"frozenset({'Outcome_High_Mortality', 'Inefficient_Spending'})",0.49823321554770317,0.10600706713780919,0.06713780918727916,0.1347517730496454,1.271158392434988,1.0,0.014321567256427227,1.0332213404390893,0.42512972572275765,0.12500000000000003,0.03215316906343733,0.3840425531914894
"frozenset({'Inefficient_Spending', 'Budget_Low'})",frozenset({'Outcome_High_Mortality'}),0.06713780918727916,0.20848056537102475,0.0176678445229682,0.2631578947368421,1.262265834076717,1.0,0.003670916105832261,1.0742049469964663,0.22272727272727272,0.0684931506849315,0.06907894736842102,0.17395182872435325
"frozenset({'Inefficient_Spending', 'Budget_Low'})","frozenset({'Outcome_High_Mortality', 'Outcome_High_Damage'})",0.06713780918727916,0.13074204946996468,0.01060070671378092,0.15789473684210525,1.2076813655761023,1.0,0.001822971943712618,1.032243816254417,0.18434343434343417,0.056603773584905655,0.031236628155755217,0.11948790896159317
frozenset({'Rain_High'}),"frozenset({'Outcome_High_Mortality', 'Outcome_High_Damage'})",0.49823321554770317,0.13074204946996468,0.07773851590106007,0.15602836879432624,1.1934061721295763,1.0,0.012598484186342684,1.029961101048193,0.32298335467349526,0.14102564102564102,0.029089546214611073,0.3753114816944604
"frozenset({'Budget_Low', 'Rain_High'})",frozenset({'Outcome_High_Mortality'}),0.1872791519434629,0.20848056537102475,0.045936395759717315,0.24528301886792453,1.1765270227054685,1.0,0.006892332280338122,1.0487632508833922,0.18461538461538457,0.1313131313131313,0.046495956873315356,0.232811000959386
frozenset({'Rain_High'}),frozenset({'Outcome_High_Damage'}),0.49823321554770317,0.38869257950530034,0.2226148409893993,0.4468085106382979,1.1495164410058027,1.0,0.028955287242942246,1.1050557216634957,0.25922199865861856,0.3351063829787234,0.09506825728692665,0.5097678916827854
"frozenset({'Outcome_High_Mortality', 'Budget_Low', 'Rain_High'})","frozenset({'Inefficient_Spending', 'Outcome_High_Damage'})",0.045936395759717315,0.2049469964664311,0.01060070671378092,0.23076923076923078,1.1259946949602122,1.0,0.001186180374333554,1.0335689045936396,0.11728395061728393,0.04411764705882353,0.03247863247863248,0.14124668435013263
"frozenset({'Inefficient_Spending', 'Outcome_High_Damage'})","frozenset({'Outcome_High_Mortality', 'Budget_Low', 'Rain_High'})",0.2049469964664311,0.045936395759717315,0.01060070671378092,0.05172413793103448,1.1259946949602122,1.0,0.001186180374333554,1.0061034371988435,0.14074074074074075,0.04411764705882353,0.006066411238825031,0.14124668435013263
