Rain_Low,Rain_Med,Rain_High,Gust_Low,Gust_Med,Gust_High,Budget_Low,Budget_Med,Budget_High,Var_Efficient,Var_Inefficient,Super_Typhoon,Outcome_High_Deaths,Outcome_High_Damage,Outcome_High_Affected
0.0,0.0,0.6724409448818898,0.9792843691148776,0.0,0.0,1.0,0.0,0.0,1.0,0.0,0.0,1.0,0.4957802961062015,0.0
0.0,0.0,0.9485564304461942,0.26622296173044907,0.733777038269551,0.0,1.0,0.0,0.0,1.0,0.0,0.0,1.0,0.8786507134365885,0.0
0.0,0.0,0.9485564304461942,0.26622296173044907,0.733777038269551,0.0,1.0,0.0,0.0,1.0,0.0,0.0,1.0,0.0,0.0
0.4247058823529413,0.5752941176470587,0.0,0.0,0.0,0.0,1.0,0.0,0.0,1.0,0.0,0.0,1.0,0.0,0.0
0.7921686746987951,0.0,0.0,0.0,0.0,0.9923076923076921,1.0,0.0,0.0,1.0,0.0,0.0,1.0,0.0,0.0
0.0,0.0,0.6724409448818898,0.9792843691148776,0.0,0.0,1.0,0.0,0.0,1.0,0.0,0.0,1.0,0.0,0.0
0.0,0.0,0.9485564304461942,0.26622296173044907,0.733777038269551,0.0,1.0,0.0,0.0,1.0,0.0,0.0,1.0,0.0,0.0
0.0,0.6070528967254408,0.3929471032745592,0.0,0.27184466019417397,0.728155339805826,1.0,0.0,0.0,1.0,0.0,0.0,1.0,0.0,0.0
0.4247058823529413,0.5752941176470587,0.0,0.0,0.0,0.0,1.0,0.0,0.0,1.0,0.0,1.0,1.0,0.0,0.03789662867608636
0.46385542168674704,0.0,0.0,0.6101694915254238,0.0,0.0,1.0,0.0,0.0,1.0,0.0,1.0,0.7431914453541537,0.0,0.8402771865637916
0.5458823529411767,0.4541176470588233,0.0,0.0,0.06796116504854277,0.9320388349514572,1.0,0.0,0.0,1.0,0.0,1.0,1.0,0.5605232620577114,0.5076716267776924
0.0,0.6070528967254408,0.3929471032745592,0.0,0.27184466019417397,0.728155339805826,1.0,0.0,0.0,1.0,0.0,1.0,1.0,0.1928080066850847,0.3400541634782363
0.7921686746987951,0.0,0.0,0.0,0.0,0.9923076923076921,1.0,0.0,0.0,1.0,0.0,1.0,1.0,0.0,0.0
0.0,0.0,0.3215223097112861,0.0,0.0,0.8307692307692306,1.0,0.0,0.0,1.0,0.0,1.0,0.8715957226770769,0.0,0.5842837474457627
0.5458823529411767,0.4541176470588233,0.0,0.0,0.06796116504854277,0.9320388349514572,1.0,0.0,0.0,1.0,0.0,0.0,0.5734502236572735,0.44678169258753253,0.9800744380406817
0.7921686746987951,0.0,0.0,0.0,0.0,0.9923076923076921,1.0,0.0,0.0,1.0,0.0,0.0,0.3699342591682404,0.0,0.27382215403093413
0.0,0.0,0.3215223097112861,0.0,0.0,0.8307692307692306,1.0,0.0,0.0,1.0,0.0,0.0,0.45454793751611466,0.896756056548975,0.26838375408057985
0.9505882352941175,0.04941176470588254,0.0,0.4519774011299435,0.0,0.0,1.0,0.0,0.0,1.0,0.0,1.0,1.0,0.0,0.0
0.6894117647058824,0.3105882352941176,0.0,0.0,0.9344660194174754,0.06553398058252463,1.0,0.0,0.0,1.0,0.0,1.0,1.0,0.0,0.0
0.0,0.523929471032746,0.476070528967254,0.0,0.8834951456310676,0.11650485436893243,1.0,0.0,0.0,1.0,0.0,1.0,1.0,0.0,0.0
0.0,0.5163727959697735,0.4836272040302266,0.0,0.781553398058252,0.21844660194174803,1.0,0.0,0.0,1.0,0.0,1.0,1.0,0.0,0.5856602194555282
0.0,0.0,0.9758530183727034,0.0,0.6796116504854364,0.32038834951456363,1.0,0.0,0.0,1.0,0.0,0.0,1.0,0.0,0.0
0.0,0.8098236775818644,0.19017632241813565,0.0,0.0,0.7153846153846152,1.0,0.0,0.0,1.0,0.0,0.0,1.0,0.0,0.0
0.0,0.0,0.0,0.0,0.0,0.0,1.0,0.0,0.0,1.0,0.0,0.0,1.0,0.0,0.0
0.6894117647058824,0.3105882352941176,0.0,0.0,0.9344660194174754,0.06553398058252463,1.0,0.0,0.0,1.0,0.0,0.0,1.0,0.9577949303620346,0.0
0.0,0.523929471032746,0.476070528967254,0.0,0.8834951456310676,0.11650485436893243,1.0,0.0,0.0,1.0,0.0,0.0,1.0,0.0,0.7435782271533946
0.0,0.0,0.9758530183727034,0.0,0.6796116504854364,0.32038834951456363,1.0,0.0,0.0,1.0,0.0,0.0,1.0,0.0,0.1260175625022751
0.29668674698795183,0.0,0.0,0.0,0.0,0.0,1.0,0.0,0.0,1.0,0.0,1.0,1.0,0.0,0.0
0.0,0.523929471032746,0.476070528967254,0.0,0.8834951456310676,0.11650485436893243,1.0,0.0,0.0,1.0,0.0,1.0,1.0,0.8856537921446617,0.8205051493493599
0.0,0.0,0.9758530183727034,0.0,0.6796116504854364,0.32038834951456363,1.0,0.0,0.0,1.0,0.0,1.0,1.0,0.9367087612630413,0.7938624798560624
0.9638554216867469,0.0,0.0,0.0,0.6796116504854364,0.32038834951456363,1.0,0.0,0.0,1.0,0.0,1.0,1.0,0.4152091840642186,0.8455155664377484
0.0,0.8098236775818644,0.19017632241813565,0.0,0.0,0.7153846153846152,1.0,0.0,0.0,1.0,0.0,1.0,1.0,0.8749385535204228,0.9120565126910927
0.29518072289156627,0.0,0.0,0.9190207156308849,0.0,0.0,1.0,0.0,0.0,1.0,0.0,1.0,1.0,0.88093208052948,0.11075574312028864
0.0,0.0,0.0,0.0,0.0,0.0,1.0,0.0,0.0,1.0,0.0,1.0,1.0,0.0,0.0
0.0,0.5163727959697735,0.4836272040302266,0.0,0.781553398058252,0.21844660194174803,1.0,0.0,0.0,1.0,0.0,1.0,1.0,0.0,0.0
0.29668674698795183,0.0,0.0,0.0,0.0,0.0,1.0,0.0,0.0,1.0,0.0,1.0,1.0,0.0,0.0027422995712600767
0.6894117647058824,0.3105882352941176,0.0,0.0,0.9344660194174754,0.06553398058252463,1.0,0.0,0.0,1.0,0.0,1.0,1.0,0.0,0.0
0.0,0.523929471032746,0.476070528967254,0.0,0.8834951456310676,0.11650485436893243,1.0,0.0,0.0,1.0,0.0,1.0,1.0,0.0,0.7950161051443241
0.0,0.0,0.9758530183727034,0.0,0.6796116504854364,0.32038834951456363,1.0,0.0,0.0,1.0,0.0,1.0,1.0,0.8983373415292677,0.6328409121515846
0.9638554216867469,0.0,0.0,0.0,0.6796116504854364,0.32038834951456363,1.0,0.0,0.0,1.0,0.0,1.0,1.0,0.7838411829109181,0.8510717048227348
0.0,0.8098236775818644,0.19017632241813565,0.0,0.0,0.7153846153846152,1.0,0.0,0.0,1.0,0.0,1.0,1.0,0.11658587125480079,0.3768300710511366
0.0,0.5163727959697735,0.4836272040302266,0.0,0.781553398058252,0.21844660194174803,1.0,0.0,0.0,1.0,0.0,1.0,1.0,0.0,0.0
0.29668674698795183,0.0,0.0,0.0,0.0,0.0,1.0,0.0,0.0,1.0,0.0,1.0,1.0,0.0,0.47258689012589244
0.9505882352941175,0.04941176470588254,0.0,0.4519774011299435,0.0,0.0,1.0,0.0,0.0,1.0,0.0,1.0,0.7964840355109669,0.5920446094865559,0.8032376412224226
0.6894117647058824,0.3105882352941176,0.0,0.0,0.9344660194174754,0.06553398058252463,1.0,0.0,0.0,1.0,0.0,1.0,0.43600765555520915,0.20406685962363524,0.43428010024974134
0.0,0.523929471032746,0.476070528967254,0.0,0.8834951456310676,0.11650485436893243,1.0,0.0,0.0,1.0,0.0,1.0,0.6395236200442421,0.45612420686494887,0.1287894639573039
0.0,0.0,0.9758530183727034,0.0,0.6796116504854364,0.32038834951456363,1.0,0.0,0.0,1.0,0.0,1.0,0.5734502236572735,0.3429094330867298,0.5551907377765312
0.9638554216867469,0.0,0.0,0.0,0.6796116504854364,0.32038834951456363,1.0,0.0,0.0,1.0,0.0,1.0,1.0,0.8980871676892767,0.0
0.0,0.8098236775818644,0.19017632241813565,0.0,0.0,0.7153846153846152,1.0,0.0,0.0,1.0,0.0,1.0,1.0,0.7458408716305234,0.36225911803609434
0.0,0.0,0.0,0.0,0.0,0.0,1.0,0.0,0.0,1.0,0.0,0.0,1.0,0.8594655769014707,0.0
0.0,0.5163727959697735,0.4836272040302266,0.0,0.781553398058252,0.21844660194174803,1.0,0.0,0.0,1.0,0.0,0.0,1.0,0.0,0.0
0.3463855421686747,0.0,0.0,0.5617433414043583,0.0,0.0,1.0,0.0,0.0,1.0,0.0,0.0,1.0,0.8769251706184725,0.0
0.9969879518072287,0.0,0.0,0.768361581920904,0.0,0.0,1.0,0.0,0.0,1.0,0.0,0.0,1.0,0.85039448532298,0.9830311594540717
0.18117647058823563,0.8188235294117644,0.0,0.0,0.0,0.9369230769230767,1.0,0.0,0.0,1.0,0.0,0.0,1.0,0.0,0.0
0.435294117647059,0.564705882352941,0.0,0.0,0.0,0.9461538461538459,1.0,0.0,0.0,1.0,0.0,0.0,1.0,0.0,0.0
0.0,0.0,0.872965879265092,0.0,0.47572815533980517,0.5242718446601948,1.0,0.0,0.0,1.0,0.0,0.0,1.0,0.0,0.0
0.8719879518072288,0.0,0.0,0.0,0.0,0.9369230769230767,1.0,0.0,0.0,1.0,0.0,0.0,1.0,0.0,0.0
0.0,1.0,0.0,0.0,0.0,0.646153846153846,1.0,0.0,0.0,1.0,0.0,0.0,0.8715957226770769,0.0,0.8627869745307662
0.0,0.0,0.5721784776902887,0.0,0.0,0.0,1.0,0.0,0.0,1.0,0.0,1.0,1.0,0.0,0.0
0.18117647058823563,0.8188235294117644,0.0,0.0,0.0,0.9369230769230767,1.0,0.0,0.0,1.0,0.0,1.0,1.0,0.0,0.9249981170317338
0.0,0.0,0.872965879265092,0.0,0.47572815533980517,0.5242718446601948,1.0,0.0,0.0,1.0,0.0,1.0,0.6395236200442421,0.0,0.7859115089687712
0.0,1.0,0.0,0.0,0.0,0.646153846153846,1.0,0.0,0.0,1.0,0.0,1.0,1.0,0.0,0.0
0.5823529411764707,0.41764705882352926,0.0,0.6389351081530781,0.3610648918469219,0.0,1.0,0.0,0.0,1.0,0.0,0.0,1.0,0.0,0.0
0.8810240963855422,0.0,0.0,0.0,1.0,0.0,1.0,0.0,0.0,1.0,0.0,0.0,1.0,0.0,0.0
0.8034638554216867,0.0,0.0,0.0,0.0,0.9369230769230767,1.0,0.0,0.0,1.0,0.0,0.0,1.0,0.0,0.0
0.18117647058823563,0.8188235294117644,0.0,0.0,0.0,0.9369230769230767,1.0,0.0,0.0,1.0,0.0,0.0,1.0,0.0,0.0
0.435294117647059,0.564705882352941,0.0,0.0,0.0,0.9461538461538459,1.0,0.0,0.0,1.0,0.0,0.0,1.0,0.0,0.0
0.0,0.0,0.872965879265092,0.0,0.47572815533980517,0.5242718446601948,1.0,0.0,0.0,1.0,0.0,0.0,1.0,0.0,0.0
0.0,1.0,0.0,0.0,0.0,0.646153846153846,1.0,0.0,0.0,1.0,0.0,0.0,1.0,0.0,0.0
0.0,0.0,0.26955380577427834,0.0,1.0,0.0,1.0,0.0,0.0,1.0,0.0,0.0,1.0,0.0,0.0
0.7141176470588235,0.28588235294117653,0.0,0.7638418079096044,0.0,0.0,1.0,0.0,0.0,1.0,0.0,0.0,1.0,0.0,0.1163564875317814
0.3094117647058824,0.6905882352941176,0.0,0.9943502824858758,0.0,0.0,1.0,0.0,0.0,1.0,0.0,0.0,1.0,0.6640833871322532,0.0
0.5823529411764707,0.41764705882352926,0.0,0.6389351081530781,0.3610648918469219,0.0,1.0,0.0,0.0,1.0,0.0,0.0,1.0,0.9189370626600314,0.0
0.8810240963855422,0.0,0.0,0.0,1.0,0.0,1.0,0.0,0.0,1.0,0.0,0.0,1.0,0.977407227333588,0.0
0.8034638554216867,0.0,0.0,0.0,0.0,0.9369230769230767,1.0,0.0,0.0,1.0,0.0,0.0,1.0,0.7889842652777747,0.6496774817126058
0.18117647058823563,0.8188235294117644,0.0,0.0,0.0,0.9369230769230767,1.0,0.0,0.0,1.0,0.0,0.0,1.0,0.0,0.0
0.3094117647058824,0.6905882352941176,0.0,0.9943502824858758,0.0,0.0,1.0,0.0,0.0,1.0,0.0,0.0,1.0,0.0,0.0
0.8034638554216867,0.0,0.0,0.0,0.0,0.9369230769230767,1.0,0.0,0.0,1.0,0.0,0.0,1.0,0.0,0.0
0.0,0.0,0.5721784776902887,0.0,0.0,0.0,1.0,0.0,0.0,1.0,0.0,0.0,1.0,0.0,0.0
0.7141176470588235,0.28588235294117653,0.0,0.7638418079096044,0.0,0.0,1.0,0.0,0.0,1.0,0.0,0.0,1.0,0.0,0.0
0.5823529411764707,0.41764705882352926,0.0,0.6389351081530781,0.3610648918469219,0.0,1.0,0.0,0.0,1.0,0.0,0.0,1.0,0.0,0.0
0.8810240963855422,0.0,0.0,0.0,1.0,0.0,1.0,0.0,0.0,1.0,0.0,0.0,1.0,0.0,0.629290445171359
0.8034638554216867,0.0,0.0,0.0,0.0,0.9369230769230767,1.0,0.0,0.0,1.0,0.0,0.0,1.0,0.0,0.0
0.18117647058823563,0.8188235294117644,0.0,0.0,0.0,0.9369230769230767,1.0,0.0,0.0,1.0,0.0,0.0,0.43600765555520915,0.0,0.0
0.0,0.0,0.872965879265092,0.0,0.47572815533980517,0.5242718446601948,1.0,0.0,0.0,1.0,0.0,0.0,1.0,0.995836735215356,0.0
0.5823529411764707,0.41764705882352926,0.0,0.6389351081530781,0.3610648918469219,0.0,1.0,0.0,0.0,1.0,0.0,1.0,1.0,0.0,0.005609707380192379
0.8034638554216867,0.0,0.0,0.0,0.0,0.9369230769230767,1.0,0.0,0.0,1.0,0.0,1.0,1.0,0.0,0.0
0.8034638554216867,0.0,0.0,0.0,0.0,0.9369230769230767,1.0,0.0,0.0,1.0,0.0,0.0,1.0,0.0,0.0
0.435294117647059,0.564705882352941,0.0,0.0,0.0,0.9461538461538459,1.0,0.0,0.0,1.0,0.0,0.0,0.8715957226770769,0.0,0.0
0.0,0.0,0.872965879265092,0.0,0.47572815533980517,0.5242718446601948,1.0,0.0,0.0,1.0,0.0,0.0,1.0,0.0,0.0
0.0,0.0,0.26955380577427834,0.0,1.0,0.0,1.0,0.0,0.0,1.0,0.0,0.0,0.6147871680312307,0.9036241092399474,0.8967325152731438
0.3094117647058824,0.6905882352941176,0.0,0.9943502824858758,0.0,0.0,1.0,0.0,0.0,1.0,0.0,0.0,0.3894521065329008,0.49639566525157736,0.6812588208783432
0.0,0.0,0.5721784776902887,0.0,0.0,0.0,1.0,0.0,0.0,1.0,0.0,0.0,0.7964840355109669,0.9722910270156037,0.45136865783663926
0.5823529411764707,0.41764705882352926,0.0,0.6389351081530781,0.3610648918469219,0.0,1.0,0.0,0.0,1.0,0.0,0.0,1.0,0.0,0.0
0.8810240963855422,0.0,0.0,0.0,1.0,0.0,1.0,0.0,0.0,1.0,0.0,0.0,1.0,0.0,0.0
0.8034638554216867,0.0,0.0,0.0,0.0,0.9369230769230767,1.0,0.0,0.0,1.0,0.0,0.0,0.6680797581880439,0.7686633745594529,0.0
0.0,1.0,0.0,0.0,0.0,0.646153846153846,1.0,0.0,0.0,1.0,0.0,0.0,1.0,0.8078506240731579,0.0
0.0,0.0,0.5721784776902887,0.0,0.0,0.0,1.0,0.0,0.0,1.0,0.0,0.0,1.0,0.0,0.0
0.8034638554216867,0.0,0.0,0.0,0.0,0.9369230769230767,1.0,0.0,0.0,1.0,0.0,1.0,0.39644343489212863,0.40494389389986224,0.539485522223484
0.435294117647059,0.564705882352941,0.0,0.0,0.0,0.9461538461538459,1.0,0.0,0.0,1.0,0.0,1.0,0.0,0.8125696957375795,0.7700878737485359
0.0,0.0,0.872965879265092,0.0,0.47572815533980517,0.5242718446601948,1.0,0.0,0.0,1.0,0.0,1.0,0.3894521065329008,0.8077929470069206,0.9781620719389804
0.8719879518072288,0.0,0.0,0.0,0.0,0.9369230769230767,1.0,0.0,0.0,1.0,0.0,1.0,0.5929680710219338,0.7429963982521993,0.0
0.0,1.0,0.0,0.0,0.0,0.646153846153846,1.0,0.0,0.0,1.0,0.0,1.0,0.20775523905316454,0.0,0.7984846597184457
0.0,0.0,0.872965879265092,0.0,0.47572815533980517,0.5242718446601948,1.0,0.0,0.0,1.0,0.0,0.0,1.0,0.0,0.0
0.0,0.0,0.5721784776902887,0.0,0.0,0.0,1.0,0.0,0.0,1.0,0.0,0.0,1.0,0.0,0.0
0.0,0.11335012594458442,0.8866498740554156,0.9126455906821963,0.08735440931780368,0.0,0.29416573540688795,0.705834264593112,0.0,0.0,0.1854078259545279,0.0,0.4191552961070308,0.0,0.0
0.0,0.0,0.5034120734908135,0.26622296173044907,0.733777038269551,0.0,0.023047194769731657,0.9769528052302684,0.0,1.0,0.0,0.0,0.10855144213800395,0.0,0.0
0.0,0.11335012594458442,0.8866498740554156,0.9126455906821963,0.08735440931780368,0.0,0.29416573540688795,0.705834264593112,0.0,0.0,0.1854078259545279,0.0,1.0,0.0,0.0
0.9036144578313253,0.0,0.0,0.7476428175263453,0.25235718247365463,0.0,0.04567730943599614,0.9543226905640039,0.0,1.0,0.0,0.0,0.8715957226770769,0.0,0.2650102506349377
0.7341176470588237,0.2658823529411763,0.0,0.9943502824858758,0.0,0.0,0.0,1.0,0.0,1.0,0.0,0.0,0.8715957226770769,0.592248789337972,0.8835194081938004
0.0,0.2921914357682619,0.7078085642317381,0.0,0.27184466019417397,0.728155339805826,0.004008003976772836,0.9959919960232272,0.0,0.0,0.2384830212946644,0.0,0.8715957226770769,0.9477885686537438,0.746252263176992
0.1388235294117648,0.8611764705882352,0.0,0.7321131447587353,0.26788685524126465,0.0,0.0,0.6415859620952046,0.3584140379047954,1.0,0.0,0.0,1.0,0.0,0.0
0.0,0.005037783375314577,0.9949622166246854,0.8252911813643926,0.17470881863560736,0.0,0.0,0.5170526236815732,0.4829473763184268,1.0,0.0,0.0,1.0,0.0,0.0
0.9036144578313253,0.0,0.0,0.7476428175263453,0.25235718247365463,0.0,0.04567730943599614,0.9543226905640039,0.0,1.0,0.0,1.0,1.0,0.9991823043590762,0.0
0.7341176470588237,0.2658823529411763,0.0,0.9943502824858758,0.0,0.0,0.0,1.0,0.0,1.0,0.0,1.0,1.0,0.0,0.0
0.1388235294117648,0.8611764705882352,0.0,0.7321131447587353,0.26788685524126465,0.0,0.0,0.6415859620952046,0.3584140379047954,1.0,0.0,1.0,1.0,0.0,0.0
0.9036144578313253,0.0,0.0,0.7476428175263453,0.25235718247365463,0.0,0.04567730943599614,0.9543226905640039,0.0,1.0,0.0,1.0,1.0,0.9364221861603165,0.0
0.7341176470588237,0.2658823529411763,0.0,0.9943502824858758,0.0,0.0,0.0,1.0,0.0,1.0,0.0,1.0,1.0,0.76693103416543,0.0
0.0,0.2921914357682619,0.7078085642317381,0.0,0.27184466019417397,0.728155339805826,0.004008003976772836,0.9959919960232272,0.0,0.0,0.2384830212946644,1.0,1.0,0.7176461416387337,0.0
0.1388235294117648,0.8611764705882352,0.0,0.7321131447587353,0.26788685524126465,0.0,0.0,0.6415859620952046,0.3584140379047954,1.0,0.0,1.0,0.6680797581880439,0.0,0.3295470334368235
0.0,0.005037783375314577,0.9949622166246854,0.8252911813643926,0.17470881863560736,0.0,0.0,0.5170526236815732,0.4829473763184268,1.0,0.0,1.0,0.7018545009801965,0.0,0.9677363670419877
0.0,0.11335012594458442,0.8866498740554156,0.9126455906821963,0.08735440931780368,0.0,0.29416573540688795,0.705834264593112,0.0,0.0,0.1854078259545279,1.0,1.0,0.0,0.0
0.9036144578313253,0.0,0.0,0.7476428175263453,0.25235718247365463,0.0,0.04567730943599614,0.9543226905640039,0.0,1.0,0.0,0.0,1.0,0.0,0.0
0.0,0.2921914357682619,0.7078085642317381,0.0,0.27184466019417397,0.728155339805826,0.004008003976772836,0.9959919960232272,0.0,0.0,0.2384830212946644,0.0,0.8715957226770769,0.9178297268665269,0.3496712834075424
0.0,0.005037783375314577,0.9949622166246854,0.8252911813643926,0.17470881863560736,0.0,0.0,0.5170526236815732,0.4829473763184268,1.0,0.0,0.0,1.0,0.0,0.0
0.9036144578313253,0.0,0.0,0.7476428175263453,0.25235718247365463,0.0,0.04567730943599614,0.9543226905640039,0.0,1.0,0.0,0.0,1.0,0.9436540629457809,0.0
0.7341176470588237,0.2658823529411763,0.0,0.9943502824858758,0.0,0.0,0.0,1.0,0.0,1.0,0.0,0.0,1.0,0.6641140627330313,0.14533899221219923
0.0,0.2921914357682619,0.7078085642317381,0.0,0.27184466019417397,0.728155339805826,0.004008003976772836,0.9959919960232272,0.0,0.0,0.2384830212946644,0.0,1.0,0.993337117535037,0.987386039085945
0.9036144578313253,0.0,0.0,0.7476428175263453,0.25235718247365463,0.0,0.04567730943599614,0.9543226905640039,0.0,1.0,0.0,0.0,1.0,0.0,0.0
0.7341176470588237,0.2658823529411763,0.0,0.9943502824858758,0.0,0.0,0.0,1.0,0.0,1.0,0.0,0.0,1.0,0.0,0.0
0.0,0.2921914357682619,0.7078085642317381,0.0,0.27184466019417397,0.728155339805826,0.004008003976772836,0.9959919960232272,0.0,0.0,0.2384830212946644,0.0,1.0,0.0,0.0
0.9036144578313253,0.0,0.0,0.7476428175263453,0.25235718247365463,0.0,0.04567730943599614,0.9543226905640039,0.0,1.0,0.0,0.0,0.8715957226770769,0.5362233006930289,0.2848967541146964
0.7341176470588237,0.2658823529411763,0.0,0.9943502824858758,0.0,0.0,0.0,1.0,0.0,1.0,0.0,0.0,1.0,0.9972453391289201,0.30766561613519605
0.0,0.2921914357682619,0.7078085642317381,0.0,0.27184466019417397,0.728155339805826,0.004008003976772836,0.9959919960232272,0.0,0.0,0.2384830212946644,0.0,1.0,0.5973868744071695,0.765409168181635
0.1388235294117648,0.8611764705882352,0.0,0.7321131447587353,0.26788685524126465,0.0,0.0,0.6415859620952046,0.3584140379047954,1.0,0.0,0.0,0.7964840355109669,0.992769583648186,0.6688644301927889
0.0,0.005037783375314577,0.9949622166246854,0.8252911813643926,0.17470881863560736,0.0,0.0,0.5170526236815732,0.4829473763184268,1.0,0.0,0.0,0.4112712035421976,0.37178976969511784,0.3880351263026823
0.0,0.11335012594458442,0.8866498740554156,0.9126455906821963,0.08735440931780368,0.0,0.29416573540688795,0.705834264593112,0.0,0.0,0.1854078259545279,0.0,0.3413781210244388,0.7467781275964551,0.21727889234983025
0.0,0.0,0.5034120734908135,0.26622296173044907,0.733777038269551,0.0,0.023047194769731657,0.9769528052302684,0.0,1.0,0.0,0.0,1.0,0.0,0.7054563489080207
0.6470588235294119,0.3529411764705881,0.0,0.5875706214689266,0.0,0.0,0.0,0.15105420310692655,0.8489457968930735,0.0,0.1536267505544943,0.0,1.0,0.0,0.744833686854164
0.0,0.0,0.9989501312335959,0.0,0.0,1.0,0.0,0.7253025386124686,0.2746974613875313,1.0,0.0,1.0,1.0,0.0,0.03842230913955143
0.0,0.0,0.8241469816272966,0.0,0.0,1.0,0.0,0.027132684926823206,0.9728673150731768,1.0,0.0,1.0,1.0,0.0,0.0
0.0,0.9319899244332497,0.06801007556675036,0.26622296173044907,0.733777038269551,0.0,0.0,0.7824925019570421,0.21750749804295785,0.0,0.016439269798835948,1.0,1.0,0.0,0.08706526679793002
0.0,0.8627204030226703,0.13727959697732972,0.6389351081530781,0.3610648918469219,0.0,0.0,0.063871994835607,0.936128005164393,1.0,0.0,1.0,1.0,0.0,0.0
0.5164705882352943,0.48352941176470565,0.0,0.0,0.781553398058252,0.21844660194174803,0.066667267895724,0.933332732104276,0.0,0.0,0.431474143992194,1.0,1.0,0.0,0.0
0.7733433734939759,0.0,0.0,0.8135593220338984,0.0,0.0,0.0,0.0,0.9917827888240189,1.0,0.0,0.0,1.0,0.0,0.0
0.0,0.0,0.8241469816272966,0.0,0.0,1.0,0.0,0.027132684926823206,0.9728673150731768,1.0,0.0,0.0,1.0,0.0,0.14533899221219923
0.0,0.9319899244332497,0.06801007556675036,0.26622296173044907,0.733777038269551,0.0,0.0,0.7824925019570421,0.21750749804295785,0.0,0.016439269798835948,0.0,1.0,0.0,0.987386039085945
0.0,0.8627204030226703,0.13727959697732972,0.6389351081530781,0.3610648918469219,0.0,0.0,0.063871994835607,0.936128005164393,1.0,0.0,0.0,1.0,0.911112853146171,0.8995656961092642
0.5164705882352943,0.48352941176470565,0.0,0.0,0.781553398058252,0.21844660194174803,0.066667267895724,0.933332732104276,0.0,0.0,0.431474143992194,0.0,1.0,0.0,0.0
0.0,0.0,0.9989501312335959,0.0,0.0,1.0,0.0,0.7253025386124686,0.2746974613875313,1.0,0.0,1.0,0.7964840355109669,0.5362233006930289,0.2650102506349377
0.0,0.0,0.8241469816272966,0.0,0.0,1.0,0.0,0.027132684926823206,0.9728673150731768,1.0,0.0,1.0,1.0,0.5631096429943205,0.4228448986880503
0.0,0.9319899244332497,0.06801007556675036,0.26622296173044907,0.733777038269551,0.0,0.0,0.7824925019570421,0.21750749804295785,0.0,0.016439269798835948,1.0,1.0,0.5067099930173972,0.7078131627548903
0.0,0.8627204030226703,0.13727959697732972,0.6389351081530781,0.3610648918469219,0.0,0.0,0.063871994835607,0.936128005164393,1.0,0.0,1.0,1.0,0.6355820895111699,0.3295470334368235
0.5164705882352943,0.48352941176470565,0.0,0.0,0.781553398058252,0.21844660194174803,0.066667267895724,0.933332732104276,0.0,0.0,0.431474143992194,1.0,1.0,0.9031393465644503,0.0
0.6470588235294119,0.3529411764705881,0.0,0.5875706214689266,0.0,0.0,0.0,0.15105420310692655,0.8489457968930735,0.0,0.1536267505544943,1.0,1.0,0.9899544363954279,0.0
0.0,0.0,0.9989501312335959,0.0,0.0,1.0,0.0,0.7253025386124686,0.2746974613875313,1.0,0.0,1.0,1.0,0.9359418464719089,0.2650102506349377
0.0,0.0,0.8241469816272966,0.0,0.0,1.0,0.0,0.027132684926823206,0.9728673150731768,1.0,0.0,1.0,1.0,0.7452270788000536,0.0
0.0,0.9319899244332497,0.06801007556675036,0.26622296173044907,0.733777038269551,0.0,0.0,0.7824925019570421,0.21750749804295785,0.0,0.016439269798835948,1.0,1.0,0.6154350976703331,0.746252263176992
0.0,0.8627204030226703,0.13727959697732972,0.6389351081530781,0.3610648918469219,0.0,0.0,0.063871994835607,0.936128005164393,1.0,0.0,1.0,1.0,0.0,0.8618613574242533
0.5164705882352943,0.48352941176470565,0.0,0.0,0.781553398058252,0.21844660194174803,0.066667267895724,0.933332732104276,0.0,0.0,0.431474143992194,1.0,1.0,0.9031393465644503,0.0
0.0,0.0,0.9989501312335959,0.0,0.0,1.0,0.0,0.7253025386124686,0.2746974613875313,1.0,0.0,0.0,1.0,0.0,0.0
0.7733433734939759,0.0,0.0,0.8135593220338984,0.0,0.0,0.0,0.0,0.9917827888240189,1.0,0.0,0.0,1.0,0.0,0.0
0.0,0.0,0.8241469816272966,0.0,0.0,1.0,0.0,0.027132684926823206,0.9728673150731768,1.0,0.0,0.0,1.0,0.0,0.0
0.0,0.9319899244332497,0.06801007556675036,0.26622296173044907,0.733777038269551,0.0,0.0,0.7824925019570421,0.21750749804295785,0.0,0.016439269798835948,0.0,1.0,0.0,0.5331347989600402
0.0,0.8627204030226703,0.13727959697732972,0.6389351081530781,0.3610648918469219,0.0,0.0,0.063871994835607,0.936128005164393,1.0,0.0,0.0,1.0,0.0,0.0
0.5164705882352943,0.48352941176470565,0.0,0.0,0.781553398058252,0.21844660194174803,0.066667267895724,0.933332732104276,0.0,0.0,0.431474143992194,0.0,1.0,0.0,0.0
0.5164705882352943,0.48352941176470565,0.0,0.0,0.781553398058252,0.21844660194174803,0.066667267895724,0.933332732104276,0.0,0.0,0.431474143992194,0.0,1.0,0.0,0.0
0.4352409638554216,0.0,0.0,0.5768164170826399,0.4231835829173602,0.0,0.0,0.3091018365196511,0.6908981634803488,1.0,0.0,0.0,1.0,0.0,0.0
0.3953313253012048,0.0,0.0,0.46139359698681737,0.0,0.0,0.0026368898967372733,0.9973631101032627,0.0,1.0,0.0,0.0,1.0,0.0,0.5942708565088244
0.9835294117647059,0.016470588235294178,0.0,0.9491525423728814,0.0,0.0,0.0,0.9884781755039042,0.011521824496095852,1.0,0.0,0.0,1.0,0.8174437464038511,0.7442342654466261
0.0,0.29093198992443364,0.7090680100755664,0.9883527454242929,0.011647254575707158,0.0,0.0,0.0,0.7732633516675361,1.0,0.0,0.0,1.0,0.0,0.0
0.0,0.8098236775818644,0.19017632241813565,0.0,0.0,0.646153846153846,0.0,0.0,0.6883251986419654,1.0,0.0,0.0,1.0,0.0,0.0
0.0,0.0,0.8837270341207348,0.7321131447587353,0.26788685524126465,0.0,0.0,0.0,0.5565287591051973,1.0,0.0,0.0,0.6680797581880439,0.49000747775990955,0.8807092072885802
0.5529411764705884,0.4470588235294116,0.0,0.5423728813559322,0.0,0.0,0.0,0.013765530321664072,0.986234469678336,1.0,0.0,0.0,1.0,0.0,0.0
0.0,0.0,0.5236220472440944,0.0,0.37378640776698957,0.6262135922330104,0.0,0.0,0.529765154165435,0.0,0.151981234650483,0.0,1.0,0.0,0.0
0.6408132530120482,0.0,0.0,0.5423728813559322,0.0,0.0,0.0,0.7523752496569708,0.2476247503430292,1.0,0.0,0.0,1.0,0.0,0.0
0.0,0.24937027707808584,0.7506297229219141,0.0,0.0,0.0,0.0,0.6827791992470188,0.31722080075298126,1.0,0.0,0.0,1.0,0.0,0.0
0.0,0.6675062972292193,0.33249370277078066,0.0,0.32281553398058177,0.6771844660194183,0.0,0.46749590741325103,0.532504092586749,1.0,0.0,0.0,1.0,0.6886552552270456,0.8594943300736915
0.0,0.29093198992443364,0.7090680100755664,0.9883527454242929,0.011647254575707158,0.0,0.0,0.0,0.7732633516675361,1.0,0.0,0.0,1.0,0.0,0.496747448529367
0.0,0.0,0.6467191601049869,0.26622296173044907,0.733777038269551,0.0,0.0,0.0,0.5995720189410669,1.0,0.0,0.0,1.0,0.362764177842823,0.6728518095883477
0.0,0.0,0.0,0.0,0.0,0.46153846153846145,0.0,0.0,0.4081769398443064,1.0,0.0,0.0,1.0,0.8941492775301723,0.0
0.0,0.8098236775818644,0.19017632241813565,0.0,0.0,0.646153846153846,0.0,0.0,0.6883251986419654,1.0,0.0,0.0,0.7964840355109669,0.3774400616643842,0.0
0.0,0.0,0.8837270341207348,0.7321131447587353,0.26788685524126465,0.0,0.0,0.0,0.5565287591051973,1.0,0.0,0.0,0.6680797581880439,0.680856751785945,0.6794578681963815
0.5529411764705884,0.4470588235294116,0.0,0.5423728813559322,0.0,0.0,0.0,0.013765530321664072,0.986234469678336,1.0,0.0,0.0,1.0,0.3957762593071758,0.9935226930339558
0.0,0.0,0.5236220472440944,0.0,0.37378640776698957,0.6262135922330104,0.0,0.0,0.529765154165435,0.0,0.151981234650483,0.0,1.0,0.0,0.4901397855121309
0.32470588235294134,0.6752941176470587,0.0,0.5423728813559322,0.0,0.0,0.0,0.0,0.9362162791321373,1.0,0.0,0.0,1.0,0.0,0.5008929145410944
0.6408132530120482,0.0,0.0,0.5423728813559322,0.0,0.0,0.0,0.7523752496569708,0.2476247503430292,1.0,0.0,0.0,1.0,0.0,0.22761575066401996
0.0,0.24937027707808584,0.7506297229219141,0.0,0.0,0.0,0.0,0.6827791992470188,0.31722080075298126,1.0,0.0,0.0,1.0,0.9792224964659451,0.0
0.15662650602409636,0.0,0.0,0.0,0.0,0.0,0.017049623978899926,0.9829503760211,0.0,1.0,0.0,0.0,0.8715957226770769,0.0,0.0
0.0,0.6675062972292193,0.33249370277078066,0.0,0.32281553398058177,0.6771844660194183,0.0,0.46749590741325103,0.532504092586749,1.0,0.0,0.0,1.0,0.9881579730104902,0.0
0.0,0.29093198992443364,0.7090680100755664,0.9883527454242929,0.011647254575707158,0.0,0.0,0.0,0.7732633516675361,1.0,0.0,0.0,1.0,0.0,0.7752242958202142
0.0,0.0,0.6467191601049869,0.26622296173044907,0.733777038269551,0.0,0.0,0.0,0.5995720189410669,1.0,0.0,0.0,1.0,0.979408929372597,0.9641924836343808
0.0,0.0,0.0,0.0,0.0,0.46153846153846145,0.0,0.0,0.4081769398443064,1.0,0.0,0.0,1.0,0.8899730581226072,0.0
0.0,0.8098236775818644,0.19017632241813565,0.0,0.0,0.646153846153846,0.0,0.0,0.6883251986419654,1.0,0.0,0.0,1.0,0.0,0.4282259583120331
0.0,0.0,0.8837270341207348,0.7321131447587353,0.26788685524126465,0.0,0.0,0.0,0.5565287591051973,1.0,0.0,0.0,1.0,0.9365347638048057,0.9421403137877307
0.0,0.0,0.5236220472440944,0.0,0.37378640776698957,0.6262135922330104,0.0,0.0,0.529765154165435,0.0,0.151981234650483,0.0,1.0,0.6726921840487107,0.3452087079256511
0.32470588235294134,0.6752941176470587,0.0,0.5423728813559322,0.0,0.0,0.0,0.0,0.9362162791321373,1.0,0.0,0.0,0.8715957226770769,0.0,0.0
0.6408132530120482,0.0,0.0,0.5423728813559322,0.0,0.0,0.0,0.7523752496569708,0.2476247503430292,1.0,0.0,0.0,1.0,0.0,0.0
0.0,0.24937027707808584,0.7506297229219141,0.0,0.0,0.0,0.0,0.6827791992470188,0.31722080075298126,1.0,0.0,0.0,1.0,0.946037233586694,0.9068745320308048
0.0,0.6675062972292193,0.33249370277078066,0.0,0.32281553398058177,0.6771844660194183,0.0,0.46749590741325103,0.532504092586749,1.0,0.0,0.0,1.0,0.9371803727950255,0.0
0.0,0.0,0.0,0.0,0.0,0.46153846153846145,0.0,0.0,0.4081769398443064,1.0,0.0,0.0,1.0,0.0,0.0
0.0,0.8098236775818644,0.19017632241813565,0.0,0.0,0.646153846153846,0.0,0.0,0.6883251986419654,1.0,0.0,0.0,1.0,0.0,0.7474772835791382
0.5529411764705884,0.4470588235294116,0.0,0.5423728813559322,0.0,0.0,0.0,0.013765530321664072,0.986234469678336,1.0,0.0,0.0,0.7018545009801965,0.0,0.6975576286748173
0.0,0.0,0.5236220472440944,0.0,0.37378640776698957,0.6262135922330104,0.0,0.0,0.529765154165435,0.0,0.151981234650483,0.0,1.0,0.0,0.7879263307318295
0.32470588235294134,0.6752941176470587,0.0,0.5423728813559322,0.0,0.0,0.0,0.0,0.9362162791321373,1.0,0.0,0.0,1.0,0.6801127050387823,0.6566159314486476
0.6408132530120482,0.0,0.0,0.5423728813559322,0.0,0.0,0.0,0.7523752496569708,0.2476247503430292,1.0,0.0,0.0,1.0,0.0,0.2423501706419091
0.15662650602409636,0.0,0.0,0.0,0.0,0.0,0.017049623978899926,0.9829503760211,0.0,1.0,0.0,0.0,1.0,0.0,0.0
0.0,0.6675062972292193,0.33249370277078066,0.0,0.32281553398058177,0.6771844660194183,0.0,0.46749590741325103,0.532504092586749,1.0,0.0,1.0,1.0,0.9724194213627488,0.6297079074521476
0.0,0.0,0.6467191601049869,0.26622296173044907,0.733777038269551,0.0,0.0,0.0,0.5995720189410669,1.0,0.0,1.0,0.7018545009801965,0.5358884563537875,0.8422813753892905
0.0,0.0,0.0,0.0,0.0,0.46153846153846145,0.0,0.0,0.4081769398443064,1.0,0.0,1.0,0.8715957226770769,0.791561155410309,0.36637607538657824
0.0,0.6675062972292193,0.33249370277078066,0.0,0.32281553398058177,0.6771844660194183,0.0,0.46749590741325103,0.532504092586749,1.0,0.0,0.0,0.7431914453541537,0.9082563414997558,0.14839813163888815
0.0,0.29093198992443364,0.7090680100755664,0.9883527454242929,0.011647254575707158,0.0,0.0,0.0,0.7732633516675361,1.0,0.0,0.0,1.0,0.0,0.8813316753916804
0.0,0.0,0.6467191601049869,0.26622296173044907,0.733777038269551,0.0,0.0,0.0,0.5995720189410669,1.0,0.0,0.0,1.0,0.8343794329997654,0.5876708889626368
0.0,0.0,0.0,0.0,0.0,0.46153846153846145,0.0,0.0,0.4081769398443064,1.0,0.0,0.0,0.8715957226770769,0.8825404769560609,0.8622759854182084
0.0,0.8098236775818644,0.19017632241813565,0.0,0.0,0.646153846153846,0.0,0.0,0.6883251986419654,1.0,0.0,0.0,0.7964840355109669,0.39458159013818844,0.3603400149835472
0.0,0.0,0.8837270341207348,0.7321131447587353,0.26788685524126465,0.0,0.0,0.0,0.5565287591051973,1.0,0.0,0.0,1.0,0.2921650163063406,0.23435661738619734
0.5529411764705884,0.4470588235294116,0.0,0.5423728813559322,0.0,0.0,0.0,0.013765530321664072,0.986234469678336,1.0,0.0,0.0,1.0,0.6518514444031874,0.7291929394447847
0.0,0.0,0.5236220472440944,0.0,0.37378640776698957,0.6262135922330104,0.0,0.0,0.529765154165435,0.0,0.151981234650483,0.0,0.4863828907083076,0.15853165613791062,0.018658545346275854
0.32470588235294134,0.6752941176470587,0.0,0.5423728813559322,0.0,0.0,0.0,0.0,0.9362162791321373,1.0,0.0,0.0,1.0,0.0,0.5701759070365118
0.6408132530120482,0.0,0.0,0.5423728813559322,0.0,0.0,0.0,0.7523752496569708,0.2476247503430292,1.0,0.0,0.0,1.0,0.6869334139357474,0.4423059926835254
0.0,0.24937027707808584,0.7506297229219141,0.0,0.0,0.0,0.0,0.6827791992470188,0.31722080075298126,1.0,0.0,0.0,1.0,0.0,0.4179130916864204
0.15662650602409636,0.0,0.0,0.0,0.0,0.0,0.017049623978899926,0.9829503760211,0.0,1.0,0.0,0.0,1.0,0.0,0.1272572132943195
0.0,0.6675062972292193,0.33249370277078066,0.0,0.32281553398058177,0.6771844660194183,0.0,0.46749590741325103,0.532504092586749,1.0,0.0,0.0,1.0,0.0,0.5557808269487556
0.0,0.0,0.6467191601049869,0.26622296173044907,0.733777038269551,0.0,0.0,0.0,0.5995720189410669,1.0,0.0,0.0,1.0,0.0,0.39393165127755847
0.0,0.0,0.0,0.0,0.0,0.46153846153846145,0.0,0.0,0.4081769398443064,1.0,0.0,0.0,0.8715957226770769,0.8044895687658916,0.8242655133519612
0.15662650602409636,0.0,0.0,0.0,0.0,0.0,0.017049623978899926,0.9829503760211,0.0,1.0,0.0,0.0,1.0,0.0,0.0
0.5529411764705884,0.4470588235294116,0.0,0.5423728813559322,0.0,0.0,0.0,0.013765530321664072,0.986234469678336,1.0,0.0,0.0,0.7018545009801965,0.5808266953073498,0.7080168647243353
0.15662650602409636,0.0,0.0,0.0,0.0,0.0,0.017049623978899926,0.9829503760211,0.0,1.0,0.0,0.0,1.0,0.0,0.0
0.0,0.8425692695214105,0.15743073047858946,0.0,0.0,0.9230769230769229,0.0,0.0,0.0,1.0,0.0,0.0,1.0,0.0,0.0
0.9952941176470588,0.004705882352941242,0.0,0.7321131447587353,0.26788685524126465,0.0,0.0,0.0,0.6239541126343835,1.0,0.0,0.0,1.0,0.0,0.0
0.0,0.0,0.9372703412073491,0.0,0.0,0.9626373626373624,0.0,0.0,1.0,1.0,0.0,0.0,1.0,0.9100729974833515,0.0
0.0,0.8954659949622171,0.10453400503778283,0.26622296173044907,0.733777038269551,0.0,0.0,0.0,0.6016533940426978,1.0,0.0,0.0,1.0,0.0,0.0
0.0,0.8425692695214105,0.15743073047858946,0.0,0.0,0.9230769230769229,0.0,0.0,0.0,1.0,0.0,0.0,1.0,0.0,0.7436542551980097
0.0,0.0,0.9372703412073491,0.0,0.0,0.9626373626373624,0.0,0.0,1.0,1.0,0.0,0.0,1.0,0.9670255980873652,0.44653016483794994
0.0,0.8954659949622171,0.10453400503778283,0.26622296173044907,0.733777038269551,0.0,0.0,0.0,0.6016533940426978,1.0,0.0,0.0,1.0,0.432485370844579,0.38670144006765955
0.6076807228915663,0.0,0.0,0.6779661016949152,0.0,0.0,0.0,0.0,0.7851796009402973,1.0,0.0,0.0,1.0,0.9636172005737459,0.11331131020582358
0.0,0.8425692695214105,0.15743073047858946,0.0,0.0,0.9230769230769229,0.0,0.0,0.0,1.0,0.0,0.0,0.7431914453541537,0.262158370494165,0.08733325185587125
0.5256024096385542,0.0,0.0,0.6779661016949152,0.0,0.0,0.0,0.0,0.9377826055494145,1.0,0.0,0.0,1.0,0.5083839390980796,0.7256761081254534
0.8222891566265059,0.0,0.0,0.0,0.16990291262135837,0.8300970873786416,0.0,0.0,0.8257653367455118,1.0,0.0,0.0,1.0,0.7118667120223923,0.8389393660206974
0.48117647058823554,0.5188235294117645,0.0,0.0,0.0,0.8769230769230767,0.0,0.0647238009897337,0.9352761990102663,0.0,0.8966184020829254,0.0,1.0,0.0,0.7091763536845899
0.0,0.0,0.9514435695538058,0.8135593220338984,0.0,0.0,0.0,0.21998176355343774,0.7800182364465622,1.0,0.0,0.0,1.0,0.820757341522025,0.747458623049297
0.9952941176470588,0.004705882352941242,0.0,0.7321131447587353,0.26788685524126465,0.0,0.0,0.0,0.6239541126343835,1.0,0.0,0.0,1.0,0.0,0.0
0.8478915662650602,0.0,0.0,0.8252911813643926,0.17470881863560736,0.0,0.0,0.6318634478618801,0.3681365521381199,1.0,0.0,0.0,0.8715957226770769,0.0,0.0
0.0,0.0,0.9372703412073491,0.0,0.0,0.9626373626373624,0.0,0.0,1.0,1.0,0.0,0.0,1.0,0.0,0.0
0.6076807228915663,0.0,0.0,0.6779661016949152,0.0,0.0,0.0,0.0,0.7851796009402973,1.0,0.0,0.0,1.0,0.0,0.0
0.48117647058823554,0.5188235294117645,0.0,0.0,0.0,0.8769230769230767,0.0,0.0647238009897337,0.9352761990102663,0.0,0.8966184020829254,0.0,1.0,0.0,0.0
0.5256024096385542,0.0,0.0,0.6779661016949152,0.0,0.0,0.0,0.0,0.9377826055494145,1.0,0.0,0.0,1.0,0.0,0.0
0.8222891566265059,0.0,0.0,0.0,0.16990291262135837,0.8300970873786416,0.0,0.0,0.8257653367455118,1.0,0.0,0.0,1.0,0.0,0.0
0.48117647058823554,0.5188235294117645,0.0,0.0,0.0,0.8769230769230767,0.0,0.0647238009897337,0.9352761990102663,0.0,0.8966184020829254,0.0,1.0,0.0,0.14347654160879045
0.8478915662650602,0.0,0.0,0.8252911813643926,0.17470881863560736,0.0,0.0,0.6318634478618801,0.3681365521381199,1.0,0.0,0.0,1.0,0.0,0.0
0.0,0.8425692695214105,0.15743073047858946,0.0,0.0,0.9230769230769229,0.0,0.0,0.0,1.0,0.0,0.0,1.0,0.0,0.6819434533871646
0.0,0.0,0.9372703412073491,0.0,0.0,0.9626373626373624,0.0,0.0,1.0,1.0,0.0,0.0,1.0,0.7576585334903889,0.2650102506349377
0.0,0.8954659949622171,0.10453400503778283,0.26622296173044907,0.733777038269551,0.0,0.0,0.0,0.6016533940426978,1.0,0.0,0.0,1.0,0.0,0.28034620462819926
0.6076807228915663,0.0,0.0,0.6779661016949152,0.0,0.0,0.0,0.0,0.7851796009402973,1.0,0.0,0.0,0.8715957226770769,0.0,0.746252263176992
0.0,0.8425692695214105,0.15743073047858946,0.0,0.0,0.9230769230769229,0.0,0.0,0.0,1.0,0.0,0.0,1.0,0.0,0.8627521974444772
0.5256024096385542,0.0,0.0,0.6779661016949152,0.0,0.0,0.0,0.0,0.9377826055494145,1.0,0.0,0.0,1.0,0.0,0.0
0.0,0.0,0.9372703412073491,0.0,0.0,0.9626373626373624,0.0,0.0,1.0,1.0,0.0,0.0,1.0,0.0,0.0
0.0,0.8954659949622171,0.10453400503778283,0.26622296173044907,0.733777038269551,0.0,0.0,0.0,0.6016533940426978,1.0,0.0,0.0,1.0,0.0,0.0
0.6076807228915663,0.0,0.0,0.6779661016949152,0.0,0.0,0.0,0.0,0.7851796009402973,1.0,0.0,0.0,0.8715957226770769,0.0,0.5331347989600402
0.0,0.8425692695214105,0.15743073047858946,0.0,0.0,0.9230769230769229,0.0,0.0,0.0,1.0,0.0,0.0,1.0,0.0,0.0
0.5256024096385542,0.0,0.0,0.6779661016949152,0.0,0.0,0.0,0.0,0.9377826055494145,1.0,0.0,0.0,1.0,0.0,0.0
0.5256024096385542,0.0,0.0,0.6779661016949152,0.0,0.0,0.0,0.0,0.9377826055494145,1.0,0.0,0.0,1.0,0.0,0.0
0.8222891566265059,0.0,0.0,0.0,0.16990291262135837,0.8300970873786416,0.0,0.0,0.8257653367455118,1.0,0.0,0.0,1.0,0.7118667120223923,0.8389393660206974
0.0,0.0,0.9514435695538058,0.8135593220338984,0.0,0.0,0.0,0.21998176355343774,0.7800182364465622,1.0,0.0,0.0,1.0,0.820757341522025,0.33829728797672254
0.9952941176470588,0.004705882352941242,0.0,0.7321131447587353,0.26788685524126465,0.0,0.0,0.0,0.6239541126343835,1.0,0.0,0.0,0.08456956637859266,0.969329136588836,0.2694628374929799
0.0,0.0,0.8590551181102363,0.07986688851913451,0.9201331114808655,0.0,0.0,0.0,0.7832747371361869,1.0,0.0,0.0,1.0,0.0,0.5181933160020596
0.8478915662650602,0.0,0.0,0.8252911813643926,0.17470881863560736,0.0,0.0,0.6318634478618801,0.3681365521381199,1.0,0.0,0.0,0.8715957226770769,0.8174437464038511,0.7442342654466261
0.0,0.0,0.9372703412073491,0.0,0.0,0.9626373626373624,0.0,0.0,1.0,1.0,0.0,1.0,1.0,0.0,0.0
0.0,0.8954659949622171,0.10453400503778283,0.26622296173044907,0.733777038269551,0.0,0.0,0.0,0.6016533940426978,1.0,0.0,1.0,1.0,0.0,0.6829433458020747
0.6076807228915663,0.0,0.0,0.6779661016949152,0.0,0.0,0.0,0.0,0.7851796009402973,1.0,0.0,1.0,0.7431914453541537,0.0,0.0
0.0,0.8425692695214105,0.15743073047858946,0.0,0.0,0.9230769230769229,0.0,0.0,0.0,1.0,0.0,1.0,1.0,0.0,0.9904512358077779
0.5256024096385542,0.0,0.0,0.6779661016949152,0.0,0.0,0.0,0.0,0.9377826055494145,1.0,0.0,1.0,1.0,0.0,0.0
0.8222891566265059,0.0,0.0,0.0,0.16990291262135837,0.8300970873786416,0.0,0.0,0.8257653367455118,1.0,0.0,1.0,1.0,0.0,0.0
0.48117647058823554,0.5188235294117645,0.0,0.0,0.0,0.8769230769230767,0.0,0.0647238009897337,0.9352761990102663,0.0,0.8966184020829254,1.0,0.8715957226770769,0.0,0.29125598438612565
0.0,0.0,0.9514435695538058,0.8135593220338984,0.0,0.0,0.0,0.21998176355343774,0.7800182364465622,1.0,0.0,1.0,0.8715957226770769,0.0,0.0
0.0,0.0,0.8590551181102363,0.07986688851913451,0.9201331114808655,0.0,0.0,0.0,0.7832747371361869,1.0,0.0,1.0,0.8715957226770769,0.0,0.6864021254168848
0.8478915662650602,0.0,0.0,0.8252911813643926,0.17470881863560736,0.0,0.0,0.6318634478618801,0.3681365521381199,1.0,0.0,1.0,1.0,0.0,0.7635363884323184
0.0,0.0,0.9372703412073491,0.0,0.0,0.9626373626373624,0.0,0.0,1.0,1.0,0.0,0.0,1.0,0.54765372732255,0.0
0.48117647058823554,0.5188235294117645,0.0,0.0,0.0,0.8769230769230767,0.0,0.0647238009897337,0.9352761990102663,0.0,0.8966184020829254,0.0,1.0,0.0,0.0
0.0,0.0,0.9514435695538058,0.8135593220338984,0.0,0.0,0.0,0.21998176355343774,0.7800182364465622,1.0,0.0,0.0,1.0,0.0,0.0
0.9952941176470588,0.004705882352941242,0.0,0.7321131447587353,0.26788685524126465,0.0,0.0,0.0,0.6239541126343835,1.0,0.0,0.0,1.0,0.0,0.22326430137420802
0.0,0.0,0.8590551181102363,0.07986688851913451,0.9201331114808655,0.0,0.0,0.0,0.7832747371361869,1.0,0.0,0.0,1.0,0.0,0.0
0.8478915662650602,0.0,0.0,0.8252911813643926,0.17470881863560736,0.0,0.0,0.6318634478618801,0.3681365521381199,1.0,0.0,0.0,1.0,0.0,0.40314063526195965
