antecedent,consequent,support,confidence,lift
"Gust_High, Budget_Med",Outcome_High_Damage,0.02681859712216352,0.6407439368288446,2.2812208635303537
"Gust_Med, Budget_High",Outcome_High_Affected,0.04524348299669164,0.6099699221285148,2.1933992282589507
"Rain_Med, Budget_High",Outcome_High_Affected,0.050938695064217714,0.5353427642288326,1.9250464052654357
"Rain_High, Gust_Med",Outcome_High_Affected,0.056705996644475454,0.5296804176454644,1.9046850953458327
"Gust_Med, Super_Typhoon",Outcome_High_Affected,0.04434805445911976,0.5087201841833664,1.8293139036984407
"Gust_Low, Budget_High",Outcome_High_Affected,0.07108577717059184,0.49927549799792553,1.7953516268077954
"Budget_Med, Super_Typhoon",Outcome_High_Damage,0.029335544702685665,0.5018650960757609,1.7867748129023768
"Rain_Med, Gust_Low",Outcome_High_Affected,0.03828662315945336,0.4926287626285042,1.7714505397199987
"Rain_High, Budget_Med",Outcome_High_Damage,0.033758978639720945,0.4912602919243225,1.7490188559694957
"Rain_Med, Super_Typhoon",Outcome_High_Affected,0.042880659697183535,0.47928837975264543,1.7234796735460063
"Rain_High, Super_Typhoon",Outcome_High_Affected,0.03817183005295905,0.4790658522407227,1.72267948380679
"Rain_Med, Budget_Med",Outcome_High_Damage,0.030199469397311354,0.47388607898596885,1.687161981851343
"Rain_Med, Budget_Med",Outcome_High_Affected,0.029876985269192396,0.4688257007058423,1.6858567821308061
"Rain_High, Budget_High",Outcome_High_Affected,0.05795977389015252,0.46043327047463184,1.6556783268913762
"Rain_High, Gust_High",Outcome_High_Damage,0.05476385678953085,0.44911759549553976,1.598979514490022
"Rain_High, Gust_Low",Outcome_High_Affected,0.03403479889089585,0.44463117738586216,1.5988553631215643
"Gust_High, Super_Typhoon",Outcome_High_Affected,0.0432964448171543,0.437300892798788,1.5724962920052357
"Rain_Med, Gust_Med",Outcome_High_Affected,0.03893968660075175,0.43162625098794216,1.5520907695081234
"Gust_High, Super_Typhoon",Outcome_High_Damage,0.042685887391391716,0.4311341669043533,1.5349536686848182
"Rain_Low, Budget_High",Outcome_High_Affected,0.038081463174038405,0.4248275004610152,1.5276430490256947
"Rain_Med, Gust_High",Outcome_High_Affected,0.05259754292163307,0.42434575539966823,1.5259107353370316
"Gust_Med, Budget_Med",Outcome_High_Affected,0.027909009154592976,0.42052167477811936,1.5121596712602392
"Gust_Med, Super_Typhoon",Outcome_High_Damage,0.03688455318873777,0.423105746589008,1.5063703316107309
Gust_Med,Outcome_High_Affected,0.0961195430288032,0.41244089689722896,1.48310189099162
Rain_Med,Outcome_High_Affected,0.11163780763705737,0.4123018110055127,1.4826017501215794
"Rain_High, Budget_High",Outcome_High_Damage,0.05233134270219361,0.4157209328381035,1.4800784071249138
"Gust_Med, Var_Efficient",Outcome_High_Affected,0.07816286308550861,0.41156980597299964,1.4799695231622676
"Rain_Low, Super_Typhoon",Outcome_High_Damage,0.03370633587324361,0.41500887898108835,1.4775433037533243
"Rain_Med, Var_Efficient",Outcome_High_Affected,0.09186795422003262,0.4090443507061571,1.47088820385071
Budget_High,Outcome_High_Affected,0.12720528999941344,0.4087929280359028,1.4699841096144268
"Rain_High, Budget_Med",Outcome_High_Affected,0.028055778418808647,0.4082673840129535,1.468094298637632
"Budget_High, Var_Efficient",Outcome_High_Affected,0.11225967155965044,0.40755557107498375,1.4655346807086702
"Rain_High, Super_Typhoon",Outcome_High_Damage,0.032641986155197054,0.40966495173466616,1.4585174845031876
"Rain_High, Gust_Med",Outcome_High_Damage,0.04356309759550532,0.40691498419445205,1.4487268599397851
"Gust_Med, Budget_Med",Outcome_High_Damage,0.026503125367753105,0.39933838585121695,1.421752130688786
"Gust_High, Budget_High",Outcome_High_Damage,0.04460498697459035,0.3955514278889826,1.4082695411296609
"Budget_High, Super_Typhoon",Outcome_High_Affected,0.02460484457772393,0.3909771613375602,1.4059201492299132
"Rain_Low, Budget_Med",Outcome_High_Damage,0.033307069850203916,0.3941721376966361,1.4033588968257662
"Gust_Med, Budget_High",Outcome_High_Damage,0.02872921254583891,0.38732551914007857,1.3789830920804997
"Budget_Low, Super_Typhoon",Outcome_High_Affected,0.05864354603876614,0.38073646279997236,1.3690954805793738
Rain_High,Outcome_High_Affected,0.10698561335611174,0.37965773417834614,1.3652164654995496
"Rain_High, Var_Efficient",Outcome_High_Affected,0.09140944610411708,0.3749310653712011,1.3482197721582616
"Rain_Low, Gust_Med",Outcome_High_Damage,0.024768612588659783,0.37423352477390515,1.3323720685862355
Budget_Med,Outcome_High_Damage,0.08172406974841231,0.3719619650381315,1.3242847045642698
Rain_High,Outcome_High_Damage,0.10451529337989682,0.3708913584438494,1.3204730569479117
"Gust_Low, Var_Efficient",Outcome_High_Affected,0.09505993828254554,0.36285156741504787,1.3047829394004657
"Rain_High, Gust_High",Outcome_High_Affected,0.0440036716402745,0.3608734731012115,1.2976698828644124
"Gust_Low, Budget_Med",Outcome_High_Damage,0.03816321635445363,0.36386198923802,1.2954466107061282
Gust_Low,Outcome_High_Affected,0.10197444933391826,0.35939924668644185,1.2923686918333022
"Gust_Low, Budget_Low",Outcome_High_Damage,0.020145960411692993,0.3615049702548345,1.2870549887630616
"Rain_High, Var_Efficient",Outcome_High_Damage,0.0868701587034089,0.35631242218157855,1.2685681201112557
"Var_Efficient, Super_Typhoon",Outcome_High_Affected,0.08847279676005392,0.3526450913112008,1.268081331669872
"Rain_Med, Gust_Low",Outcome_High_Damage,0.02763653307205983,0.35559550483022934,1.2660157013908868
"Rain_Low, Gust_Low",Outcome_High_Damage,0.05344131397287889,0.35410239053593795,1.2606998126496989
Gust_Med,Outcome_High_Damage,0.08238797839156396,0.3535199048042047,1.2586260066757946
"Budget_Med, Var_Efficient",Outcome_High_Damage,0.05359933236106997,0.35079486099056684,1.2489241172869208
"Gust_Med, Var_Efficient",Outcome_High_Damage,0.06590689125022894,0.34703547661075046,1.2355396971022972
"Rain_Med, Gust_Med",Outcome_High_Damage,0.030977416859933597,0.34336861623035464,1.2224846872573172
"Gust_Low, Budget_Med",Outcome_High_Affected,0.03540838826156542,0.33759645594079546,1.2139677368673352
Gust_High,Outcome_High_Damage,0.10568441797193172,0.33749419606133285,1.2015701704270225
"Rain_High, Gust_Low",Outcome_High_Damage,0.025734407727401733,0.3361947295132462,1.1969437197802537
"Rain_Low, Gust_Low",Outcome_High_Affected,0.05020278938108821,0.3326439117952303,1.1961588152915064
Super_Typhoon,Outcome_High_Affected,0.09494766134350245,0.3317307180272987,1.1928750492676958
"Rain_Med, Budget_High",Outcome_High_Damage,0.031791145784344936,0.33411063712443356,1.1895237899680202
"Rain_Low, Var_Efficient",Outcome_High_Damage,0.08838179856478544,0.33407194762723014,1.1893860449451694
"Gust_High, Var_Efficient",Outcome_High_Damage,0.08900195335102078,0.3339436022810948,1.1889291009703424
"Gust_Med, Budget_Low",Outcome_High_Damage,0.03757673345412972,0.33363170463921255,1.1878186614217934
"Gust_Low, Var_Efficient",Outcome_High_Damage,0.08717894757559022,0.332769180633957,1.184747843825262
"Rain_Med, Super_Typhoon",Outcome_High_Damage,0.029755199734730772,0.3325816713359044,1.1840802602583531
Gust_Low,Outcome_High_Damage,0.09377539518169013,0.3305024602355245,1.1766777091466794
"Budget_High, Var_Efficient",Outcome_High_Damage,0.09077582863080755,0.3295590853192127,1.1733190405467508
"Rain_Low, Budget_Low",Outcome_High_Damage,0.04101205637645928,0.3289869318947172,1.1712820203674277
"Gust_High, Budget_High",Outcome_High_Affected,0.03671639239161251,0.3255963609115679,1.170816430186026
Gust_High,Outcome_High_Affected,0.1016410604510674,0.32458207786946214,1.1671691558515347
Rain_Low,Outcome_High_Damage,0.09431819432450274,0.32683179882389657,1.163609166607512
"Rain_Med, Budget_Low",Outcome_High_Affected,0.03317829621774661,0.3182791854194457,1.1445044982444463
"Rain_High, Budget_Low",Outcome_High_Affected,0.02927627949318618,0.3146446234114506,1.1314349267554507
"Rain_High, Budget_Low",Outcome_High_Damage,0.029443628900243133,0.31644319864276776,1.126622953997596
Super_Typhoon,Outcome_High_Damage,0.09048560776456106,0.3161410740416146,1.1255473091043373
"Gust_High, Var_Efficient",Outcome_High_Affected,0.08341396923721017,0.31297696644675843,1.1254381761507777
"Gust_Med, Budget_Low",Outcome_High_Affected,0.035227412144376455,0.3127728379611121,1.1247041477230808
"Rain_Low, Gust_High",Outcome_High_Damage,0.025040302942763527,0.3147270583546434,1.120513032693635
Budget_High,Outcome_High_Damage,0.09774493676961439,0.31411774544061094,1.1183437147305366
"Gust_Low, Budget_High",Outcome_High_Damage,0.04337162579653927,0.30462338502089603,1.0845412363449847
Budget_Med,Outcome_High_Affected,0.06622586254360618,0.30142284939919445,1.083890567824607
"Gust_High, Budget_Low",Outcome_High_Affected,0.04268487557442805,0.30000699536759773,1.0787992788485952
"Gust_High, Budget_Med",Outcome_High_Deaths,0.041855405226139966,1.0,1.0751138620598675
"Budget_Med, Super_Typhoon",Outcome_High_Deaths,0.058453048303357624,1.0,1.0751138620598675
"Rain_Med, Var_Inefficient",Outcome_High_Deaths,0.026348802094210172,1.0,1.0751138620598675
"Rain_Med, Budget_Med",Outcome_High_Deaths,0.0637272769479382,1.0,1.0751138620598675
"Rain_Med, Gust_Med",Outcome_High_Deaths,0.09021621486557721,1.0,1.0751138620598675
"Rain_Med, Budget_High",Outcome_High_Deaths,0.09515155236588559,1.0,1.0751138620598675
"Gust_High, Var_Inefficient",Outcome_High_Deaths,0.027847250682121107,0.999324462697568,1.0743875825416844
"Gust_High, Budget_High",Outcome_High_Deaths,0.11259447445036957,0.998473672161907,1.0734728858430858
Var_Inefficient,Outcome_High_Deaths,0.03663886802086086,0.9975925430882835,1.0725255717617692
"Rain_Low, Budget_Med",Outcome_High_Deaths,0.0842725121369932,0.9973220822936171,1.0722347956122797
"Rain_High, Budget_High",Outcome_High_Deaths,0.12549608234127213,0.9969426680935171,1.0718268821462897
"Budget_High, Super_Typhoon",Outcome_High_Deaths,0.06255827975083786,0.9940667805431888,1.0687349755752065
"Rain_Low, Var_Efficient",Outcome_High_Affected,0.07855247532102018,0.2969183570324964,1.0676928017997893
"Gust_Med, Budget_High",Outcome_High_Deaths,0.07352553732139158,0.9912668809708106,1.0657247647325672
"Rain_Med, Gust_High",Outcome_High_Damage,0.037051454904356226,0.2989232337995613,1.064247163870819
"Rain_High, Gust_High",Outcome_High_Deaths,0.12061315494792599,0.989146734926438,1.0634453663306709
"Gust_Low, Super_Typhoon",Outcome_High_Deaths,0.05823639456569099,0.9887529452488558,1.063021997589566
"Rain_Low, Gust_Low",Outcome_High_Deaths,0.1486323718442479,0.9848387748808822,1.0588138187684937
"Gust_Low, Budget_High",Outcome_High_Deaths,0.14021863527546022,0.9848345441555793,1.058809270257074
Budget_High,Outcome_High_Deaths,0.30624892183650587,0.984175999802845,1.058101260094668
"Budget_High, Var_Efficient",Outcome_High_Deaths,0.27090060695986584,0.9834970122411396,1.0573712711549124
"Rain_Med, Gust_Low",Outcome_High_Deaths,0.07642866531925951,0.9833972212375297,1.0572639844636225
"Rain_High, Gust_Med",Outcome_High_Deaths,0.10498174199728717,0.980615388790436,1.0542731978378241
"Rain_Low, Budget_High",Outcome_High_Deaths,0.08773387342838837,0.9787376599477643,1.0522544255298782
"Var_Efficient, Super_Typhoon",Outcome_High_Damage,0.07410389623858653,0.2953718681059153,1.0516033461946555
"Rain_Low, Gust_Med",Outcome_High_Deaths,0.06464172600374789,0.9766837316082605,1.0500462187004
