Year,typhoon_key,region_key,Max 24-hour Rainfall (mm),Peak Gust (10 mins sustained) (m/s),Cumulative_Budget_To_Date,Cumulative_Variance_To_Date,Variance_Ratio_To_Date,typhoon_name_info_infra,Region_info_infra,Date,Province,Location,infra_project_count,typhoon_name_impact,Region_impact,Category,Deaths,Injuries,Affected,Houses destroyed,Houses damaged,Total Houses,Damage to Infrastructure (PhP),Damage to Agriculture + Fisheries (PhP),_merge,merge_source,has_infra_weather_data,has_impact_data
2019,FALCON,REGION I,181.8,21.0,0.0,0.0,0.0,Falcon,Region I,2019-07-15,Ilocos Norte,"Laoag City, Ilocos Norte",1.0,Falcon,Region I,Tropical Storm,0.0,0.0,5.0,0.0,1.0,1.0,914000000.0,0.0,both,both,True,True
2019,TISOY,REGION V,819.3000000000001,120.0,0.0,0.0,0.0,Tisoy,Region V,2019-12-02,Sorsogon,"Juban, Sorsogon",3.0,Tisoy,Region V,Super Typhoon,0.0,0.0,1218313.0,44072.0,302954.0,347026.0,4591206247.21,1920958468.8,both,both,True,True
2019,TISOY,REGION VIII,605.5,38.0,0.0,0.0,0.0,Tisoy,Region VIII,2019-12-02,Northern Samar,"Catarman, Northern Samar",1.0,Tisoy,Region VIII,Super Typhoon,1.0,0.0,577240.0,8838.0,91062.0,99900.0,0.0,297909575.79,both,both,True,True
2019,URSULA,REGION IV B,217.2,42.0,0.0,0.0,0.0,Ursula,Region IV-B,2019-12-24,Occidental Mindoro,"San Jose, Occidental Mindoro",1.0,Ursula,Region IV-B,Typhoon,9.0,0.0,155317.0,7121.0,28194.0,35315.0,1186624287.4,72845483.39,both,both,True,True
2019,URSULA,REGION VI,155.0,43.0,0.0,0.0,0.0,Ursula,Region VI,2019-12-24,Capiz,"Roxas City, Capiz",1.0,Ursula,Region VI,Typhoon,29.0,0.0,1491876.0,34380.0,209853.0,244233.0,0.0,1888016669.9,both,both,True,True
2019,URSULA,REGION VIII,286.4,93.0,0.0,0.0,0.0,Ursula,Region VIII,2019-12-24,Eastern Samar,"Guiuan, Eastern Samar",2.0,Ursula,Region VIII,Typhoon,18.0,0.0,1516898.0,64129.0,234821.0,298950.0,107948601.0,1051845458.25,both,both,True,True
2020,AMBO,REGION III,282.7,25.25,0.0,0.0,0.0,Ambo,Region III,2020-05-11,Aurora,"Casiguran, Aurora",1.0,Ambo,Region III,Super Typhoon,0.0,0.0,3505.0,4.0,2.0,6.0,0.0,55159678.0,both,both,True,True
2020,AMBO,REGION VIII,431.6,70.0,0.0,0.0,0.0,Ambo,Region VIII,2020-05-11,Northern Samar,"Catarman (Synoptic), Northern Samar",2.0,Ambo,Region VIII,Super Typhoon,0.0,0.0,574815.0,7646.0,49617.0,57263.0,0.0,191351482.0,both,both,True,True
2020,PEPITO,REGION III,376.0,83.0,0.0,0.0,0.0,Pepito,Region III,2020-10-19,Zambales,"Iba, Zambales",4.0,Pepito,Region III,Typhoon,0.0,0.0,95089.0,0.0,0.0,0.0,0.0,22442105.0,both,both,True,True
2020,PEPITO,REGION IV A,99.9,20.33333333333333,0.0,0.0,0.0,Pepito,Region IV-A,2020-10-19,Quezon,"Alabat, Quezon",1.0,Pepito,Region IV-A,Typhoon,0.0,0.0,26405.0,4.0,4.0,8.0,0.0,11913175.0,both,both,True,True
2020,QUINTA,REGION IV A,326.8,48.0,0.0,0.0,0.0,Quinta,Region IV-A,2020-10-23,Quezon,"Infanta, Quezon",2.0,Quinta,Region IV-A,Super Typhoon,0.0,0.0,105545.0,793.0,7553.0,8346.0,20000000.0,993798088.0,both,both,True,True
2020,QUINTA,REGION IV B,490.5,93.0,0.0,0.0,0.0,Quinta,Region IV-B,2020-10-23,Occidental Mindoro,"San Jose, Occidental Mindoro",3.0,Quinta,Region IV-B,Super Typhoon,0.0,0.0,259639.0,6814.0,52937.0,59751.0,1403983103.75,876560202.0,both,both,True,True
2020,QUINTA,REGION V,720.75,96.0,0.0,0.0,0.0,Quinta,Region V,2020-10-23,Albay,"Legazpi City, Albay",3.0,Quinta,Region V,Super Typhoon,0.0,0.0,211829.0,1517.0,24124.0,25641.0,121253900.0,395790598.0,both,both,True,True
2020,ROLLY,REGION IV A,444.0,82.0,0.0,0.0,0.0,Rolly,Region IV-A,2020-10-29,Cavite,"Sangley Pt., Cavite City, Cavite",3.0,Rolly,Region IV-A,Super Typhoon,0.0,0.0,497576.0,1880.0,22603.0,24483.0,10045000.0,1335182531.0,both,both,True,True
2020,ROLLY,REGION V,924.25,228.75,0.0,0.0,0.0,Rolly,Region V,2020-10-29,Camarines Norte,"Daet, Camarines Norte",5.0,Rolly,Region V,Super Typhoon,0.0,0.0,1088706.0,35476.0,110008.0,145484.0,6890969893.6,3581704608.0,both,both,True,True
2020,ULYSSES,REGION II,209.0,33.5,0.0,0.0,0.0,Ulysses,Region II,2020-11-08,Cagayan,"Aparri, Cagayan",1.0,Ulysses,Region II,Super Typhoon,20.0,0.0,913275.0,374.0,1126.0,1500.0,4323917825.0,1882426097.0,both,both,True,True
2020,ULYSSES,REGION III,476.0,68.0,0.0,0.0,0.0,Ulysses,Region III,2020-11-08,Aurora,"Baler, Aurora",2.0,Ulysses,Region III,Super Typhoon,6.0,0.0,2324743.0,7569.0,71592.0,79161.0,1129009651.3,1379824325.0,both,both,True,True
2020,ULYSSES,REGION IV A,611.3,64.0,0.0,0.0,0.0,Ulysses,Region IV-A,2020-11-08,Quezon,"Infanta, Quezon",2.0,Ulysses,Region IV-A,Super Typhoon,9.0,0.0,630957.0,4264.0,25846.0,30110.0,2063670200.0,1250132031.0,both,both,True,True
2020,ULYSSES,REGION V,541.2,69.0,0.0,0.0,0.0,Ulysses,Region V,2020-11-08,Catanduanes,"Virac, Catanduanes",2.0,Ulysses,Region V,Super Typhoon,0.0,0.0,1138321.0,14102.0,80394.0,94496.0,241205000.0,470537383.0,both,both,True,True
2020,VICKY,REGION VIII,657.6,77.33333333333333,0.0,0.0,0.0,Vicky,Region VIII,2020-12-18,Eastern Samar,"Guiuan, Eastern Samar",4.0,Vicky,Region VIII,Tropical Storm,0.0,0.0,38.0,0.0,0.0,0.0,0.0,0.0,both,both,True,True
2020,VICKY,REGION XIII,345.79999999999995,34.0,0.0,0.0,0.0,Vicky,Region XIII,2020-12-18,Surigao del Norte,"Surigao City, Surigao del Norte",2.0,Vicky,Region XIII,Tropical Storm,0.0,0.0,170495.0,411.0,540.0,951.0,138191970.75,29671080.0,both,both,True,True
2021,BISING,REGION V,393.79999999999995,60.0,0.0,0.0,0.0,Bising,Region V,2021-04-16,Camarines Sur,"Pili, Camarines Sur",2.0,Bising,Region V,Super Typhoon,0.0,0.0,138546.0,0.0,0.0,0.0,0.0,0.0,both,both,True,True
2021,BISING,REGION VIII,709.05,113.33333333333334,0.0,0.0,0.0,Bising,Region VIII,2021-04-16,Northern Samar,"Catarman, Northern Samar",5.0,Bising,Region VIII,Super Typhoon,6.0,20.0,311559.0,150.0,3306.0,3456.0,0.0,261131102.73,both,both,True,True
2021,DANTE,REGION III,103.0,20.0,0.0,0.0,0.0,Dante,Region III,2021-05-30,Bataan,"Abucay, Bataan",1.0,Dante,Region III,Tropical Storm,0.0,0.0,150.0,0.0,0.0,0.0,0.0,0.0,both,both,True,True
2021,DANTE,REGION IV B,411.90000000000003,57.0,0.0,0.0,0.0,Dante,Region IV-B,2021-05-30,Oriental Mindoro,"Calapan City, Oriental Mindoro",3.0,Dante,Region IV-B,Tropical Storm,0.0,0.0,745.0,0.0,0.0,0.0,0.0,0.0,both,both,True,True
2021,DANTE,REGION VIII,1186.1999999999998,55.5,0.0,0.0,0.0,Dante,Region VIII,2021-05-30,Northern Samar,"Catarman, Northern Samar",3.0,Dante,Region VIII,Tropical Storm,0.0,0.0,9434.0,33.0,239.0,272.0,0.0,0.0,both,both,True,True
2021,FABIAN,CAR,461.4,40.0,0.0,0.0,0.0,Fabian,CAR,2021-07-16,Benguet,"Mt. Cabuyao, Tuba, Benguet",2.0,Fabian,CAR,Typhoon,0.0,0.0,685.0,5.0,52.0,57.0,0.0,1486111.5,both,both,True,True
2021,FABIAN,NCR,206.9,16.9,0.0,0.0,0.0,Fabian,NCR,2021-07-16,Metro Manila,"Port Area, Manila",1.0,Fabian,NCR,Typhoon,0.0,0.0,25881.0,20.0,0.0,20.0,0.0,0.0,both,both,True,True
2021,FABIAN,REGION III,863.4,72.0,0.0,0.0,0.0,Fabian,Region III,2021-07-16,Bataan,"Abucay, Bataan",4.0,Fabian,Region III,Typhoon,0.0,0.0,603.0,0.0,3.0,3.0,14538220.81,0.0,both,both,True,True
2021,JOLINA,REGION VIII,593.5,106.66666666666667,0.0,0.0,0.0,Jolina,Region VIII,2021-09-06,Eastern Samar,"Borongan City, Eastern Samar",4.0,Jolina,Region VIII,Typhoon,0.0,0.0,0.0,569.0,9919.0,10488.0,63676053.0,0.0,both,both,True,True
2021,KIKO,REGION III,274.4,26.0,0.0,0.0,0.0,Kiko,Region III,2021-09-07,Aurora,"Baler, Aurora",2.0,Kiko,Region III,Super Typhoon,0.0,0.0,20568.0,0.0,0.0,0.0,0.0,0.0,both,both,True,True
2021,MARING,CAR,1126.1,53.2,0.0,0.0,0.0,Maring,CAR,2021-10-07,Benguet,Baguio City,2.0,Maring,CAR,Severe Tropical Storm,7.0,2.0,130655.0,57.0,888.0,945.0,104070238.36,426997123.36,both,both,True,True
2021,MARING,REGION I,241.3,22.0,0.0,0.0,0.0,Maring,Region I,2021-10-07,Pangasinan,"Dagupan City, Pangasinan",1.0,Maring,Region I,Severe Tropical Storm,26.0,3.0,429089.0,141.0,5930.0,6071.0,911008500.0,1392604998.65,both,both,True,True
2021,MARING,REGION II,553.6,111.0,0.0,0.0,0.0,Maring,Region II,2021-10-07,Cagayan,"Aparri, Cagayan",4.0,Maring,Region II,Severe Tropical Storm,2.0,0.0,51861.0,6.0,6.0,12.0,37876550.0,276832083.36,both,both,True,True
2021,MARING,REGION IV B,140.8,26.6,0.0,0.0,0.0,Maring,Region IV-B,2021-10-07,Occidental Mindoro,"San Jose, Occidental Mindoro",1.0,Maring,Region IV-B,Severe Tropical Storm,5.0,0.0,0.0,52.0,60.0,112.0,980000.0,33504242.84,both,both,True,True
2021,ODETTE,REGION IV B,156.5,45.4,0.0,0.0,0.0,Odette,Region IV-B,2021-12-14,Palawan,"Puerto Princesa City, Palawan",1.0,Odette,Region IV-B,Super Typhoon,25.0,0.0,62264.0,6.0,23.0,29.0,1482902055.0,2257525328.0,both,both,True,True
2021,ODETTE,REGION VII,461.2,76.0,0.0,0.0,0.0,Odette,Region VII,2021-12-14,Bohol,"Dauis, Bohol",2.0,Odette,Region VII,Super Typhoon,220.0,1371.0,327008.0,56.0,5381.0,5437.0,2155000.0,618141700.0,both,both,True,True
2021,ODETTE,REGION X,165.6,45.4,0.0,0.0,0.0,Odette,Region X,2021-12-14,Bukidnon,"Malaybalay City, Bukidnon",1.0,Odette,Region X,Super Typhoon,8.0,0.0,4046.0,7.0,201.0,208.0,244888000.0,98777609.0,both,both,True,True
2022,AGATON,REGION VI,510.0,38.0,0.0,0.0,0.0,Agaton,Region VI,2022-04-09,Capiz,"Roxas City, Capiz",2.0,Agaton,Region VI,Tropical Storm,22.0,0.0,0.0,1907.0,16287.0,18194.0,0.0,1320860740.06,both,both,True,True
2022,AGATON,REGION VIII,1815.2,93.0,0.0,0.0,0.0,Agaton,Region VIII,2022-04-09,Southern Leyte,"Maasin City, Southern Leyte",5.0,Agaton,Region VIII,Tropical Storm,122.0,0.0,0.0,376.0,632.0,1008.0,0.0,942895292.02,both,both,True,True
2022,FLORITA,CAR,169.8,20.5,156278039.07,521960.9300000015,0.0033399505977049,Florita,CAR,2022-08-21,Benguet,Baguio City,1.0,Florita,CAR,Severe Tropical Storm,1.0,0.0,35231.0,1.0,0.0,1.0,0.0,0.0,both,both,True,True
2022,FLORITA,REGION I,511.70000000000005,61.5,918861809.31,895975.8900000425,0.001915855425266244,Florita,Region I,2022-08-21,Ilocos Sur,"Sinait, Ilocos Sur",3.0,Florita,Region I,Severe Tropical Storm,1.0,0.0,127122.0,0.0,24.0,24.0,546700000.0,13028205.0,both,both,True,True
2022,FLORITA,REGION II,730.0,103.0,776193458.9200001,13885782.41,0.06430741017345121,Florita,Region II,2022-08-21,Cagayan,"Calayan, Cagayan",5.0,Florita,Region II,Severe Tropical Storm,1.0,3.0,95618.0,3.0,44.0,47.0,24400000.0,1831146406.66,both,both,True,True
2022,HENRY,CAR,234.0,44.0,312556078.14,1043921.860000003,0.0033399505977049,Henry,CAR,2022-08-31,Benguet,"La Trinidad, Benguet",2.0,Henry,CAR,Super Typhoon,0.0,0.0,0.0,0.0,12.0,12.0,61372000.0,0.0,both,both,True,True
2022,HENRY,REGION I,205.2,22.0,204704994.37,895005.6299999999,0.0043721729054753,Henry,Region I,2022-08-31,Ilocos Sur,"Sinait, Ilocos Sur",1.0,Henry,Region I,Super Typhoon,0.0,0.0,0.0,0.0,0.0,0.0,0.0,0.0,both,both,True,True
2022,HENRY,REGION III,323.0,44.0,1742577812.7200003,9581472.740000006,0.0054984475700653,Henry,Region III,2022-08-31,Zambales,"Iba, Zambales",2.0,Henry,Region III,Super Typhoon,0.0,0.0,0.0,0.0,0.0,0.0,0.0,0.0,both,both,True,True
2022,KARDING,REGION III,653.4,92.0,3598725198.4,39664690.02999999,0.008312731308452176,Karding,Region III,2022-09-22,Pampanga,"Clark International Airport, Pampanga",4.0,Karding,Region III,Super Typhoon,5.0,66.0,1258100.0,0.0,0.0,0.0,0.0,2731800000.0,both,both,True,True
2022,NENENG,CAR,124.6,24.83333333333333,433439574.31,1600269.390000004,0.0036920241824884,Neneng,CAR,2022-10-13,Benguet,Baguio City,1.0,Neneng,CAR,Severe Tropical Storm,0.0,0.0,6154.0,1.0,9.0,10.0,22655000.0,3921190.0,both,both,True,True
2022,NENENG,REGION I,349.2,38.0,1297311342.5,1400436.8000000278,0.0022387141055478614,Neneng,Region I,2022-10-13,Ilocos Norte,"Laoag City, Ilocos Norte",2.0,Neneng,Region I,Severe Tropical Storm,0.0,0.0,27485.0,9.0,150.0,159.0,372800000.0,2185138.0,both,both,True,True
2022,NENENG,REGION II,840.4000000000001,111.0,1443852315.56,13158978.659999995,0.05894507717883575,Neneng,Region II,2022-10-13,Batanes,"Basco, Batanes",4.0,Neneng,Region II,Severe Tropical Storm,0.0,0.0,157691.0,49.0,61.0,110.0,55260000.0,497548466.38,both,both,True,True
2022,PAENG,REGION VI,241.0,23.0625,4202711.02,747288.9800000004,0.1778111738931792,Paeng,Region VI,2022-10-26,Capiz,"Roxas City, Capiz",1.0,Paeng,Region VI,Severe Tropical Storm,34.0,0.0,1773525.0,2185.0,24992.0,27177.0,661675.0,2638512154.7,both,both,True,True
2022,PAENG,REGION VIII,271.1,23.0625,1471291337.61,249138630.19,0.1693333086530004,Paeng,Region VIII,2022-10-26,Leyte,"Baybay City, Leyte",1.0,Paeng,Region VIII,Severe Tropical Storm,0.0,26.0,398480.0,167.0,6332.0,6499.0,0.0,0.0,both,both,True,True
2023,AMANG,REGION V,881.5,51.25,15776326708.2,1165420575.5700002,0.05768133752772472,Amang,Region V,2023-04-11,Albay,"Legazpi City, Albay",5.0,Amang,Region V,Tropical Depression,0.0,0.0,95337.0,0.0,0.0,0.0,0.0,12341646.77,both,both,True,True
2023,BETTY,CAR,404.7,53.333333333333336,2927275009.78,20802165.02000004,0.0071063241241428,Betty,CAR,2023-05-20,Benguet,"Baguio City, Benguet",2.0,Betty,CAR,Super Typhoon,0.0,1.0,22017.0,1.0,43.0,44.0,0.0,25000.0,both,both,True,True
2023,DODONG,REGION III,479.70000000000005,47.0,6743136410.92,39163686.88000004,0.005678376946884366,Dodong,Region III,2023-07-13,Zambales,"Iba, Zambales",3.0,Dodong,Region III,Tropical Storm,0.0,0.0,220078.0,0.0,0.0,0.0,100000000.0,0.0,both,both,True,True
2023,EGAY,CAR,347.4,42.66666666666666,1512627947.27,10410640.130000018,0.0068824856428107,Egay,CAR,2023-07-21,Benguet,"Baguio City, Benguet",1.0,Egay,CAR,Super Typhoon,2.0,0.0,35231.0,1.0,114.0,115.0,736841482.19,50201787.23,both,both,True,True
2023,EGAY,REGION I,805.0,85.33333333333331,7536858498.88,30776587.01000005,0.0053380911333093,Egay,Region I,2023-07-21,Ilocos Norte,"Laoag City, Ilocos Norte",2.0,Egay,Region I,Super Typhoon,0.0,0.0,945781.0,421.0,55966.0,56387.0,638510000.0,721200000.0,both,both,True,True
2023,GORING,REGION I,469.79999999999995,70.0,8360235340.22,33361256.540000036,0.00537254875169435,Goring,Region I,2023-08-24,Ilocos Norte,"Laoag City, Ilocos Norte",2.0,Goring,Region I,Super Typhoon,0.0,0.0,995.0,0.0,24.0,24.0,643510.0,13028205.0,both,both,True,True
2023,GORING,REGION IV B,223.7,35.0,573283037.8,41031992.29000001,0.0715737071996097,Goring,Region IV-B,2023-08-24,Palawan,"Coron, Palawan",1.0,Goring,Region IV-B,Super Typhoon,0.0,0.0,5348.0,10.0,45.0,55.0,10949100.0,29678492.99,both,both,True,True
2023,JENNY,REGION II,610.5,78.0,3913230661.11,54552417.36,0.0508219634899418,Jenny,Region II,2023-09-29,Batanes,"Itbayat, Batanes",3.0,Jenny,Region II,Tropical Storm,0.0,0.0,61449.0,0.0,0.0,0.0,0.0,0.0,both,both,True,True
2023,JENNY,REGION III,150.2,26.0,2601038690.7900004,15640416.570000011,0.0060131426054449,Jenny,Region III,2023-09-29,Zambales,"Subic Bay International Airport, Subic Bay",1.0,Jenny,Region III,Tropical Storm,0.0,0.0,3109.0,0.0,0.0,0.0,0.0,0.0,both,both,True,True
2023,KABAYAN,REGION VIII,296.4,55.5,9792028865.379997,289193415.03000015,0.013730396432538199,Kabayan,Region VIII,2023-12-17,Southern Leyte,"Maasin City, Southern Leyte",3.0,Kabayan,Region VIII,Tropical Storm,0.0,0.0,332.0,0.0,0.0,0.0,0.0,0.0,both,both,True,True
2024,ENTENG,REGION III,948.8,82.0,16801381850.83,112155661.38000003,0.004945844661377075,Enteng,Region III,2024-09-01,Aurora,"Casiguran, Aurora",4.0,Enteng,Region III,Severe Tropical Storm,0.0,0.0,930343.0,14.0,83.0,97.0,0.0,1100469046.81,both,both,True,True
2024,ENTENG,REGION V,517.8,36.0,5590118821.09,104395735.78999999,0.01975663893419885,Enteng,Region V,2024-09-01,Catanduanes,"Virac, Catanduanes",2.0,Enteng,Region V,Severe Tropical Storm,0.0,0.0,1199257.0,63.0,5656.0,5719.0,356146667.5,688367118.09,both,both,True,True
2024,JULIAN,REGION I,837.4000000000001,54.0,23421133086.43,106268636.34000011,0.006065033007289967,Julian,Region I,2024-09-30,Ilocos Norte,"Laoag City, Ilocos Norte",3.0,Julian,Region I,Super Typhoon,4.0,0.0,262220.0,17.0,599.0,616.0,738157080.27,387835224.7,both,both,True,True
2024,JULIAN,REGION II,1859.0,174.0,14008190116.160002,118562885.42000002,0.03331484110409765,Julian,Region II,2024-09-30,Cagayan,"Calayan, Cagayan",4.0,Julian,Region II,Super Typhoon,1.0,12.0,43477.0,107.0,2087.0,2194.0,189062000.0,129600666.4,both,both,True,True
2024,MARCE,REGION I,170.3,60.0,13916509086.71,80535717.21000007,0.0076700672230325005,Marce,Region I,2024-11-04,Ilocos Norte,"Laoag City, Ilocos Norte",2.0,Marce,Region I,Typhoon,0.0,0.0,46035.0,58.0,2236.0,2294.0,0.0,16247830.58,both,both,True,True
2024,MARCE,REGION II,586.1,117.0,20418663107.11,153466107.9,0.020170541943529074,Marce,Region II,2024-11-04,Cagayan,"Calayan, Cagayan",4.0,Marce,Region II,Typhoon,1.0,0.0,277074.0,1031.0,20801.0,21832.0,176478600.0,0.0,both,both,True,True
2024,ROMINA,REGION IV B,220.6,0.0,4071042904.51,74051468.81000005,0.0181898030914791,Romina,Region IV-B,2024-11-20,Palawan,"Puerto Princesa City, Palawan",1.0,Romina,Region IV-B,Tropical Depression,4.0,0.0,88326.0,2.0,19.0,21.0,581000000.0,0.0,both,both,True,True
2025,ISANG,REGION V,152.6,11.333333333333334,6451452594.98,1103472236.0700002,0.1710424466156092,Isang,Region V,2025-08-22,Sorsogon,"Juban, Sorsogon",1.0,Isang,Region V,Tropical Storm,0.0,0.0,13778.0,0.0,0.0,0.0,0.0,0.0,both,both,True,True
2025,PAOLO,CAR,134.4,20.0,3145936564.26,108959253.64,0.0346349175879297,Paolo,CAR,2025-10-25,Benguet,Baguio City,1.0,Paolo,CAR,Typhoon,0.0,0.0,35231.0,0.0,0.0,0.0,804360.0,105389280.0,both,both,True,True
2025,PAOLO,REGION III,805.7,98.75,19446439509.36,76015815.68000007,0.00370853972776454,Paolo,Region III,2025-10-25,Zambales,"Iba, Zambales",5.0,Paolo,Region III,Typhoon,0.0,0.0,246306.0,1.0,26.0,27.0,0.0,0.0,both,both,True,True
2025,RAMIL,REGION II,261.0,22.0,7558395526.17,68936818.62,0.03266917195050955,Ramil,Region II,2025-11-15,Batanes,"Itbayat, Batanes",2.0,Ramil,Region II,Tropical Storm,1.0,0.0,61449.0,1.0,0.0,1.0,0.0,13125200.0,both,both,True,True
2025,RAMIL,REGION III,746.5,66.25,34766953368.33,353223603.43,0.00697271953121842,Ramil,Region III,2025-11-15,Aurora,"Casiguran, Aurora",5.0,Ramil,Region III,Tropical Storm,0.0,0.0,3109.0,0.0,0.0,0.0,0.0,0.0,both,both,True,True
2025,TINO,REGION IV B,159.0,26.8,4498284017.52,78790266.02000004,0.0175156272287668,Tino,Region IV-B,2025-11-25,Palawan,"Cuyo, Palawan",1.0,Tino,Region IV-B,Typhoon,0.0,0.0,264914.0,9.0,19.0,28.0,289062400.0,173942253.71,both,both,True,True
2025,TINO,REGION VII,183.0,25.0,26705678103.98,57709442.66999987,0.0021609427944613,Tino,Region VII,2025-11-25,Cebu,Lapu-Lapu City,1.0,Tino,Region VII,Typhoon,139.0,0.0,1511900.0,12130.0,120560.0,132690.0,73334141.0,1200000000.0,both,both,True,True
2025,TINO,REGION VIII,705.5999999999999,85.0,17630472291.61,313387246.45000017,0.007864846129516432,Tino,Region VIII,2025-11-25,Eastern Samar,"Guiuan, Eastern Samar",3.0,Tino,Region VIII,Typhoon,0.0,0.0,706549.0,4206.0,23854.0,28060.0,0.0,0.0,both,both,True,True
2025,UWAN,CAR,497.0,88.57142857142857,6291873128.52,217918507.28,0.0346349175879297,Uwan,CAR,2025-12-05,Benguet,Baguio City,2.0,Uwan,CAR,Super Typhoon,0.0,0.0,0.0,0.0,0.0,0.0,0.0,0.0,both,both,True,True
2025,UWAN,REGION III,1052.0,176.0,93689697299.72,210652165.7799993,0.00229089463404875,Uwan,Region III,2025-12-05,Aurora,"Baler, Aurora",4.0,Uwan,Region III,Super Typhoon,0.0,0.0,158697.0,0.0,0.0,0.0,0.0,0.0,both,both,True,True
2025,UWAN,REGION V,453.4,95.0,6186217174.08,104395864.22,0.018619393592683352,Uwan,Region V,2025-12-05,Catanduanes,"Virac, Catanduanes",2.0,Uwan,Region V,Super Typhoon,1.0,2.0,1414412.0,0.0,0.0,0.0,0.0,0.0,both,both,True,True
2025,VERBENA,REGION VII,229.2,29.0,31340728153.14,75854654.54999982,0.00303786254592905,Verbena,Region VII,2025-12-10,Bohol,"Panglao, Bohol",2.0,Verbena,Region VII,Tropical Depression,0.0,0.0,32308.0,4.0,204.0,208.0,0.0,0.0,both,both,True,True
